file_la,file_ld,file_lt,file_age,file_ddev,file_nuc,own,minor,file_ndev,file_ncomm,file_adev,file_nadev,file_avg_nddev,file_avg_nadev,file_avg_ncomm,file_ns,file_exp,file_sexp,file_rexp,file_nd,file_sctr,Bugs,commit_hash,release
52.0,18.0,225.0,56.44216854738829,2.0,4.0,0.8361148665834633,0.0,13.0,28.0,4.0,28.0,1.2455772834362715,3.1816696198775283,3.181655688061729,1.0,94.0,84.43752067412218,62.9701834263765,1.0,-0.3088294473353438,0,bed2e85f2083dfe15f471e7b87088ce9fb4a9fce,7.0
14.0,6.0,40.0,98.96922380921868,2.0,3.0,0.990209251599162,0.0,12.0,28.0,4.0,28.0,0.8829959783760486,3.1817705469893007,3.1817911033376176,1.0,90.0,84.35804648358211,62.43024449087503,1.0,-0.2274979789830195,0,bed2e85f2083dfe15f471e7b87088ce9fb4a9fce,7.0
21.0,6.0,120.0,88.30925998496667,2.0,3.0,0.9920101486291244,0.0,12.0,28.0,3.0,28.0,1.1004343184620171,3.1816665107435536,3.181671557653137,1.0,91.0,84.13174730345163,62.62521664053311,1.0,-0.2389882946258272,0,bed2e85f2083dfe15f471e7b87088ce9fb4a9fce,7.0
16.0,6.0,47.0,96.22692121083615,2.0,3.0,0.9814437946682188,0.0,13.0,28.0,3.0,28.0,0.9079476291897004,3.1817641501979588,3.1817829073184654,1.0,91.0,84.11279699823592,62.45468741831373,1.0,-0.2325781836294029,0,bed2e85f2083dfe15f471e7b87088ce9fb4a9fce,7.0
15.0,5.0,50.0,95.81800494374932,2.0,3.0,0.9872896519458304,0.0,13.0,28.0,3.0,28.0,0.922968953765227,3.181766339849686,3.181785410733326,1.0,89.0,84.17432556000725,62.46070773510704,1.0,-0.2290424743873347,0,bed2e85f2083dfe15f471e7b87088ce9fb4a9fce,7.0
20.0,10.0,46.0,89.49424646761594,2.0,3.0,0.9948030180240648,0.0,11.0,28.0,3.0,28.0,0.8733859310351091,3.181758130145385,3.18177595185134,1.0,92.0,83.99622974749825,62.46901385213524,1.0,-0.2519544882795124,0,bed2e85f2083dfe15f471e7b87088ce9fb4a9fce,7.0
48.0,20.0,284.0,48.79317106688639,2.0,3.0,0.9133825300229376,0.0,10.0,28.0,4.0,28.0,1.496965994395234,3.1816345690094425,3.181618662302167,1.0,91.0,83.73649561411348,63.067921198404655,1.0,-0.3080822727818527,0,bed2e85f2083dfe15f471e7b87088ce9fb4a9fce,7.0
31.0,12.0,87.0,81.7022255724916,2.0,4.0,0.9248546809639616,0.0,8.0,28.0,4.0,28.0,0.9832229074662632,3.181727514160585,3.181736992791212,1.0,90.0,83.19682386691532,62.60891138377901,1.0,-0.2635002793447875,0,bed2e85f2083dfe15f471e7b87088ce9fb4a9fce,7.0
29.0,10.0,62.0,84.48754533529547,2.0,3.0,0.9315588409003004,0.0,8.0,28.0,3.0,28.0,0.901906859798586,3.1817531682485787,3.181766688281756,1.0,90.0,83.13059400775705,62.552237392125214,1.0,-0.2535761185571992,0,bed2e85f2083dfe15f471e7b87088ce9fb4a9fce,7.0
41.0,24.0,158.0,54.794547535132345,2.0,3.0,0.936779989391558,0.0,13.0,28.0,4.0,28.0,1.2116832449880492,3.1817197602453584,3.1817204085537547,1.0,93.0,82.86335302336381,62.78504972354803,1.0,-0.3163643425788209,0,bed2e85f2083dfe15f471e7b87088ce9fb4a9fce,7.0
17.0,6.0,45.0,93.9238449578352,2.0,3.0,0.983012274400348,0.0,14.0,28.0,4.0,28.0,0.9208874122442114,3.1817657692345667,3.1817849444645825,1.0,90.0,83.87981059559691,62.45549417194564,1.0,-0.2319944739420532,0,bed2e85f2083dfe15f471e7b87088ce9fb4a9fce,7.0
4.0,186.0,337.0,0.0986689814814814,1.0,3.0,1.0,0.0,5.0,5.0,3.0,5.0,0.625,0.625,0.625,1.0,51.0,40.0,11.134897360703812,1.0,-0.5292976709366713,0,bed2e85f2083dfe15f471e7b87088ce9fb4a9fce,7.0
15.0,5.0,41.0,97.55518505747204,2.0,3.0,0.986563323716068,0.0,13.0,28.0,3.0,28.0,0.8902234680022867,3.1817733968731243,3.181793908235805,1.0,90.0,84.128298865519,62.43771252227353,1.0,-0.229263246554867,0,bed2e85f2083dfe15f471e7b87088ce9fb4a9fce,7.0
18.0,3.0,87.0,92.48056482967768,2.0,3.0,0.9929232659279648,0.0,12.0,28.0,3.0,28.0,0.987217716446386,3.1816884174898874,3.1816992026010884,1.0,89.0,83.81992909869747,62.54863843326696,1.0,-0.2321370362982953,0,bed2e85f2083dfe15f471e7b87088ce9fb4a9fce,7.0
13.0,5.0,43.0,98.85498730881623,2.0,3.0,0.9908816335452818,0.0,12.0,28.0,4.0,28.0,0.888548712983559,3.1817661196513174,3.1817861560319383,1.0,89.0,84.26642669284325,62.43818169367429,1.0,-0.2271507684588368,0,bed2e85f2083dfe15f471e7b87088ce9fb4a9fce,7.0
30.0,9.0,19.0,88.56316343161572,2.0,3.0,0.9297652873065932,0.0,6.0,28.0,3.0,28.0,0.7795190245274111,3.181768790402893,3.181788766832128,1.0,89.0,83.21651096026584,62.46569884608565,1.0,-0.2503836538709004,0,bed2e85f2083dfe15f471e7b87088ce9fb4a9fce,7.0
16.0,5.0,44.0,95.8655184057214,2.0,3.0,0.9867207445757205,0.0,13.0,28.0,3.0,28.0,0.900741937985978,3.181773242829244,3.1817935730427,1.0,89.0,84.04199701597513,62.44787973934979,1.0,-0.2304546141069566,0,bed2e85f2083dfe15f471e7b87088ce9fb4a9fce,7.0
104.0,0.0,0.0,0.0,1.0,0.0,1.0,0.0,0.0,0.0,1.0,0.0,0.0,0.0,0.0,1.0,53.0,42.0,1.3043936260538396,1.0,-0.4520534203172167,0,bed2e85f2083dfe15f471e7b87088ce9fb4a9fce,7.0
29.0,16.0,81.0,77.1272387344157,2.0,4.0,0.9720327250494196,0.0,11.0,28.0,4.0,28.0,0.964616963902035,3.1817458330411665,3.181759111493639,1.0,93.0,83.84875720060631,62.57256815284098,1.0,-0.2789582855972707,0,bed2e85f2083dfe15f471e7b87088ce9fb4a9fce,7.0
16.0,5.0,43.0,96.38630654811138,2.0,3.0,0.9868214299239771,0.0,13.0,28.0,3.0,28.0,0.8988610888293647,3.1817709833048147,3.1817911350370847,1.0,89.0,84.07864356547076,62.44579114750653,1.0,-0.2300218418138808,0,bed2e85f2083dfe15f471e7b87088ce9fb4a9fce,7.0
33.0,13.0,88.0,76.84515736375016,2.0,3.0,0.9227307432810988,0.0,11.0,28.0,3.0,28.0,0.9661883045981468,3.181746136554642,3.1817560736035237,1.0,92.0,84.67532183098166,62.62134639875514,1.0,-0.2734879873497688,0,bed2e85f2083dfe15f471e7b87088ce9fb4a9fce,7.0
16.0,6.0,45.0,95.42125113412165,2.0,3.0,0.9843617329308773,0.0,13.0,28.0,3.0,28.0,0.9126616305834192,3.1817681169114014,3.181787476468302,1.0,89.0,84.12193872645815,62.45142717467996,1.0,-0.2310312638895557,0,bed2e85f2083dfe15f471e7b87088ce9fb4a9fce,7.0
16.0,6.0,45.0,96.83580701661224,2.0,3.0,0.9844450216246392,0.0,13.0,28.0,3.0,28.0,0.8988150559774489,3.1817627133598085,3.181781599341214,1.0,90.0,83.74456810955387,62.45010858114033,1.0,-0.2311925906647225,0,bed2e85f2083dfe15f471e7b87088ce9fb4a9fce,7.0
15.0,5.0,38.0,97.2653039155076,2.0,3.0,0.9864489514438676,0.0,13.0,28.0,3.0,28.0,0.8865122979266774,3.181771486989169,3.18179188265918,1.0,90.0,83.73236819090933,62.43396644919542,1.0,-0.2299855218853542,0,bed2e85f2083dfe15f471e7b87088ce9fb4a9fce,7.0
16.0,5.0,42.0,97.64706938573032,2.0,3.0,0.9843004781723184,0.0,13.0,28.0,3.0,28.0,0.889443559762687,3.181767136324764,3.181786692579035,1.0,90.0,83.93206929126842,62.44280509347227,1.0,-0.2307873674812412,0,bed2e85f2083dfe15f471e7b87088ce9fb4a9fce,7.0
25.0,10.0,49.0,88.27492737127281,2.0,3.0,0.9656249961890158,0.0,9.0,28.0,3.0,28.0,0.8533645793087501,3.18174066653349,3.181755755678016,1.0,90.0,83.15753084500511,62.50250963412669,1.0,-0.2536877585564174,0,bed2e85f2083dfe15f471e7b87088ce9fb4a9fce,7.0
31.0,7.0,140.0,85.59077879797755,2.0,3.0,0.9434426952264524,0.0,10.0,28.0,3.0,28.0,0.9522414415033496,3.1816376046016543,3.1816364313366967,1.0,91.0,83.40249885200079,62.707612217176944,1.0,-0.2634363674874159,0,bed2e85f2083dfe15f471e7b87088ce9fb4a9fce,7.0
43.0,23.0,252.0,52.45954802991204,2.0,5.0,0.870781975065829,0.0,18.0,28.0,5.0,28.0,1.502808978617622,3.181768889718538,3.1817636606698416,1.0,94.0,85.21224058055759,62.966325206429794,1.0,-0.3051290634515025,0,bed2e85f2083dfe15f471e7b87088ce9fb4a9fce,7.0
23.0,6.0,85.0,86.26453707745819,2.0,4.0,0.9558085832860466,0.0,16.0,28.0,4.0,28.0,1.0225681308054198,3.181743702575509,3.181756200850096,1.0,88.0,83.08271710711874,62.562021407693145,1.0,-0.248449294404796,0,bed2e85f2083dfe15f471e7b87088ce9fb4a9fce,7.0
22.0,10.0,43.0,88.07603586563012,2.0,3.0,0.979897742340329,0.0,10.0,28.0,3.0,28.0,0.8636562660559317,3.1817551015572887,3.181772778951445,1.0,91.0,83.96137945901513,62.47632914445253,1.0,-0.2516539166999808,0,bed2e85f2083dfe15f471e7b87088ce9fb4a9fce,7.0
28.0,11.0,91.0,80.27574595123741,2.0,3.0,0.94747507581114,0.0,12.0,28.0,3.0,28.0,0.9654544520723672,3.1817572038867064,3.181769861179025,1.0,87.0,83.24980702098652,62.59795027672363,1.0,-0.2659180548402881,0,bed2e85f2083dfe15f471e7b87088ce9fb4a9fce,7.0
26.0,15.0,81.0,74.80941275118735,2.0,3.0,1.0045550797451632,0.0,11.0,28.0,3.0,28.0,0.9114417866382484,3.1817521015032986,3.1817669113641744,1.0,91.0,84.64413940871081,62.56578234649577,1.0,-0.2769989269723564,0,bed2e85f2083dfe15f471e7b87088ce9fb4a9fce,7.0
21.0,5.0,75.0,95.40178174989452,2.0,4.0,0.959841083520453,0.0,14.0,28.0,4.0,28.0,0.885867439325789,3.181750087722393,3.1817654084394063,1.0,91.0,84.26569721975935,62.52491154356062,1.0,-0.2417458452175939,0,bed2e85f2083dfe15f471e7b87088ce9fb4a9fce,7.0
19.0,6.0,47.0,90.4843899035213,2.0,4.0,0.9808125328647196,0.0,14.0,28.0,4.0,28.0,0.9351831897442616,3.1817747802188667,3.181794459295931,1.0,89.0,83.55942223367646,62.46309849931524,1.0,-0.2349654943642241,0,bed2e85f2083dfe15f471e7b87088ce9fb4a9fce,7.0
31.0,5.0,362.0,73.5861769608271,3.0,4.0,0.9105401087498892,0.0,12.0,28.0,4.0,28.0,1.3839584198397954,3.181537766396791,3.181508108263905,1.0,89.0,83.0248205433371,63.19042028680048,1.0,-0.2847397639206957,0,bed2e85f2083dfe15f471e7b87088ce9fb4a9fce,7.0
49.0,1.0,364.0,47.58615116807905,2.0,3.0,1.0168997920065594,0.0,10.0,28.0,3.0,28.0,1.5773722658281084,3.181446682984852,3.1814198152344755,1.0,91.0,83.07814629176652,63.21401824624734,1.0,-0.2723217366916455,0,bed2e85f2083dfe15f471e7b87088ce9fb4a9fce,7.0
17.0,5.0,48.0,94.2075432714148,2.0,3.0,0.9875366650406072,0.0,13.0,28.0,3.0,28.0,0.9108766491181683,3.1817551335165417,3.181773694084713,1.0,89.0,83.79975884195302,62.461675087610544,1.0,-0.2315908420342235,0,bed2e85f2083dfe15f471e7b87088ce9fb4a9fce,7.0
18.0,5.0,50.0,93.62916870277589,2.0,3.0,0.987894402962401,0.0,13.0,28.0,4.0,28.0,0.9123197315818335,3.181745665535976,3.1817633108233383,1.0,90.0,83.993899969912,62.46603485411987,1.0,-0.2319298463945952,0,bed2e85f2083dfe15f471e7b87088ce9fb4a9fce,7.0
17.0,5.0,43.0,95.5710772250778,2.0,3.0,0.9867210981534182,0.0,13.0,28.0,3.0,28.0,0.8963192740430308,3.1817667600956976,3.181786576797058,1.0,90.0,83.85780109055827,62.44671410385607,1.0,-0.23109939320734,0,bed2e85f2083dfe15f471e7b87088ce9fb4a9fce,7.0
17.0,5.0,43.0,95.7090476985948,2.0,3.0,0.9867241222990242,0.0,13.0,28.0,3.0,28.0,0.8977728535207739,3.181766763329674,3.181786580244521,1.0,90.0,83.83527532955304,62.446383973456506,1.0,-0.230940720117287,0,bed2e85f2083dfe15f471e7b87088ce9fb4a9fce,7.0
31.0,9.0,18.0,88.45028290768582,2.0,2.0,0.9298056141558414,0.0,6.0,28.0,3.0,28.0,0.775858786681683,3.181767200408897,3.181787048168247,1.0,89.0,83.02784577837318,62.46367765030778,1.0,-0.2508412414514497,0,bed2e85f2083dfe15f471e7b87088ce9fb4a9fce,7.0
16.0,5.0,45.0,95.41570539435423,2.0,3.0,0.9871557514140344,0.0,13.0,28.0,3.0,28.0,0.90584424125055,3.1817619476328063,3.1817812159761587,1.0,90.0,84.01180056822291,62.45133924918102,1.0,-0.2310319708711977,0,bed2e85f2083dfe15f471e7b87088ce9fb4a9fce,7.0
15.0,5.0,42.0,97.40118618694252,2.0,3.0,0.9870929425068808,0.0,13.0,28.0,3.0,28.0,0.8938129422784177,3.1817667647905554,3.1817865817244004,1.0,90.0,84.00429458949513,62.44168653205252,1.0,-0.2293120142139538,0,bed2e85f2083dfe15f471e7b87088ce9fb4a9fce,7.0
17.0,5.0,50.0,93.96281274510872,2.0,3.0,0.9876129907183668,0.0,13.0,28.0,3.0,28.0,0.9093327241435292,3.1817573768688407,3.181776114786318,1.0,89.0,83.85833779594104,62.46460997396005,1.0,-0.2316628951497803,0,bed2e85f2083dfe15f471e7b87088ce9fb4a9fce,7.0
18.0,5.0,55.0,92.77425862278824,2.0,3.0,0.9886998117109848,0.0,13.0,28.0,4.0,28.0,0.9321305458254504,3.181731791881336,3.1817480034019368,1.0,89.0,83.82606147346748,62.47915253823418,1.0,-0.2318967325359687,0,bed2e85f2083dfe15f471e7b87088ce9fb4a9fce,7.0
16.0,5.0,46.0,95.47498542122516,2.0,3.0,0.9872629490268126,0.0,13.0,28.0,3.0,28.0,0.902558430537728,3.181762077298778,3.181781355183636,1.0,89.0,83.8949663214789,62.45289017095294,1.0,-0.230747150815653,0,bed2e85f2083dfe15f471e7b87088ce9fb4a9fce,7.0
17.0,5.0,47.0,94.76092118526093,2.0,3.0,0.9871971040598638,0.0,13.0,28.0,3.0,28.0,0.903227176712456,3.181762063386698,3.181781340340498,1.0,89.0,83.85498655732923,62.45653796266229,1.0,-0.2313135624836365,0,bed2e85f2083dfe15f471e7b87088ce9fb4a9fce,7.0
18.0,8.0,55.0,91.0405510858698,2.0,4.0,0.9793933447129076,0.0,14.0,28.0,4.0,28.0,0.9680484217122513,3.181792876595713,3.181812613612204,1.0,90.0,83.73420119500564,62.47691814536776,1.0,-0.2355153426646752,0,bed2e85f2083dfe15f471e7b87088ce9fb4a9fce,7.0
107.0,9.0,383.0,8.993814996459093,2.0,3.0,0.9913499946797496,0.0,11.0,28.0,4.0,28.0,1.1232811135143566,3.181596672726136,3.1815892762884905,1.0,91.0,83.29898463236509,63.30052235380728,1.0,-0.3619099091240202,0,bed2e85f2083dfe15f471e7b87088ce9fb4a9fce,7.0
20.0,0.0,251.0,82.16848312058661,3.0,3.0,1.0120346273207634,0.0,9.0,28.0,3.0,28.0,1.3239880146526348,3.181402522811809,3.1813781277560773,1.0,89.0,83.94078484102302,62.9186061235114,1.0,-0.2401560194713877,0,bed2e85f2083dfe15f471e7b87088ce9fb4a9fce,7.0
14.0,4.0,67.0,97.3579945543701,2.0,3.0,0.997622915671718,0.0,11.0,28.0,3.0,28.0,0.9380660036629276,3.181696355845942,3.18170919334988,1.0,90.0,84.45193450154095,62.49352250429214,1.0,-0.2266338083827382,0,bed2e85f2083dfe15f471e7b87088ce9fb4a9fce,7.0
14.0,5.0,42.0,98.69190351145652,2.0,3.0,0.990725823605922,0.0,12.0,28.0,4.0,28.0,0.887220676650508,3.181763600947015,3.181783439777823,1.0,90.0,84.39804427168959,62.43622791032954,1.0,-0.2274145393560875,0,bed2e85f2083dfe15f471e7b87088ce9fb4a9fce,7.0
14.0,5.0,43.0,98.7351615318491,2.0,3.0,0.9907480783269506,0.0,12.0,28.0,4.0,28.0,0.8877815553930027,3.181765860958403,3.1817858782767297,1.0,89.0,84.41773747550799,62.43675068837147,1.0,-0.2273044096813856,0,bed2e85f2083dfe15f471e7b87088ce9fb4a9fce,7.0
1.0,1.0,313.0,3.1865509259259266,1.0,2.0,1.0,0.0,5.0,10.0,2.0,10.0,0.625,1.25,1.25,1.0,58.0,47.0,1.0778520756498708,1.0,-0.0291617002417954,0,bed2e85f2083dfe15f471e7b87088ce9fb4a9fce,7.0
14.0,6.0,40.0,98.83125333570166,2.0,3.0,0.990206227453556,0.0,12.0,28.0,4.0,28.0,0.8815423988983054,3.1817705437553254,3.1817910998901557,1.0,90.0,84.38057224458733,62.430574621274594,1.0,-0.2276566520730725,0,bed2e85f2083dfe15f471e7b87088ce9fb4a9fce,7.0
14.0,5.0,52.0,97.98890543504363,2.0,3.0,0.9939298768382492,0.0,11.0,28.0,4.0,28.0,0.9041818521256616,3.181738085598018,3.181755232867713,1.0,89.0,84.3918609250607,62.45960441542675,1.0,-0.2275751759528828,0,bed2e85f2083dfe15f471e7b87088ce9fb4a9fce,7.0
14.0,5.0,48.0,98.19798278623225,2.0,3.0,0.9939763562168604,0.0,11.0,28.0,4.0,28.0,0.8960300169820188,3.181745070784041,3.181762938713525,1.0,89.0,84.31985700132373,62.45000994557719,1.0,-0.2268039941897959,0,bed2e85f2083dfe15f471e7b87088ce9fb4a9fce,7.0
14.0,6.0,39.0,98.80004291497374,2.0,3.0,0.9901238534845848,0.0,12.0,28.0,4.0,28.0,0.8801791649174582,3.1817682939350784,3.181788672293627,1.0,90.0,84.36704481260975,62.4282999957242,1.0,-0.2279019451376217,0,bed2e85f2083dfe15f471e7b87088ce9fb4a9fce,7.0
13.0,5.0,51.0,98.27755129388558,2.0,3.0,0.9951562169626132,0.0,11.0,28.0,4.0,28.0,0.9026618538152558,3.18173811273668,3.181755262154526,1.0,89.0,84.2535115976426,62.45598227331286,1.0,-0.2259542976393216,0,bed2e85f2083dfe15f471e7b87088ce9fb4a9fce,7.0
14.0,5.0,41.0,98.84599236703596,2.0,3.0,0.991318554652848,0.0,12.0,28.0,4.0,28.0,0.8866238463521052,3.1817636200509813,3.181783460262776,1.0,89.0,84.31559707148124,62.43478072339589,1.0,-0.226951773343421,0,bed2e85f2083dfe15f471e7b87088ce9fb4a9fce,7.0
14.0,5.0,46.0,98.4038790818748,2.0,3.0,0.9929079418356944,0.0,11.0,28.0,4.0,28.0,0.8940972049795629,3.181749730753801,3.1817681358345364,1.0,90.0,84.31392167676024,62.44637265212331,1.0,-0.2271664930241961,0,bed2e85f2083dfe15f471e7b87088ce9fb4a9fce,7.0
14.0,5.0,44.0,98.80305147109154,2.0,3.0,0.9918046870732204,0.0,12.0,28.0,4.0,28.0,0.8933764959589927,3.1817566641600736,3.1817757858043048,1.0,90.0,84.31131956685074,62.44117615880334,1.0,-0.2273953524836886,0,bed2e85f2083dfe15f471e7b87088ce9fb4a9fce,7.0
17.0,7.0,50.0,93.33167789575715,2.0,3.0,0.9807531590638808,0.0,13.0,28.0,4.0,28.0,0.9427082797028048,3.1817834340927043,3.1818031775952496,1.0,90.0,83.80653552448241,62.4650527871118,1.0,-0.2342181469396209,0,bed2e85f2083dfe15f471e7b87088ce9fb4a9fce,7.0
29.0,5.0,341.0,75.32104783023615,3.0,4.0,0.9186789368233392,0.0,12.0,28.0,4.0,28.0,1.352454042600168,3.181554587972312,3.181528283834121,1.0,88.0,83.35089785551106,63.14004191493176,1.0,-0.2773311410226389,0,bed2e85f2083dfe15f471e7b87088ce9fb4a9fce,7.0
1.0,1.0,313.0,3.1865509259259266,1.0,2.0,1.0,0.0,5.0,10.0,2.0,10.0,0.625,1.25,1.25,1.0,58.0,47.0,1.0778520756498708,1.0,-0.0291617002417954,0,bed2e85f2083dfe15f471e7b87088ce9fb4a9fce,7.0
43.0,8.0,334.0,80.20807820215845,3.0,4.0,0.8996742675874725,0.0,10.0,28.0,4.0,28.0,1.0261689893885149,3.181463925316909,3.1814283350147807,1.0,100.0,82.37584163782257,63.17894095945871,1.0,-0.3344377355365649,0,bed2e85f2083dfe15f471e7b87088ce9fb4a9fce,7.0
15.0,5.0,42.0,97.75646066773676,2.0,3.0,0.9848884021445437,0.0,13.0,28.0,3.0,28.0,0.8826246873102577,3.181767515436527,3.181787289551348,1.0,89.0,84.06535766536508,62.44036092408624,1.0,-0.2306629373930553,0,bed2e85f2083dfe15f471e7b87088ce9fb4a9fce,7.0
33.0,9.0,77.0,70.40177713911052,2.0,3.0,0.9217941161722464,0.0,24.0,28.0,3.0,28.0,1.1048409099481515,3.181807238056841,3.1818232752351734,1.0,90.0,82.58799683973086,62.58259244151039,1.0,-0.2649445892665353,0,bed2e85f2083dfe15f471e7b87088ce9fb4a9fce,7.0
124.0,0.0,0.0,0.0,1.0,0.0,1.0,0.0,0.0,0.0,1.0,0.0,0.0,0.0,0.0,1.0,56.0,45.0,1.1035376564299402,1.0,-0.4824951771314029,0,bed2e85f2083dfe15f471e7b87088ce9fb4a9fce,7.0
19.0,7.0,42.0,91.59704952936136,2.0,4.0,0.9839872890202296,0.0,14.0,28.0,4.0,28.0,0.9211252610557016,3.181770886205249,3.181790656771651,1.0,90.0,83.62700633772322,62.45100558077503,1.0,-0.2347627717829278,0,bed2e85f2083dfe15f471e7b87088ce9fb4a9fce,7.0
18.0,6.0,38.0,94.85045507509088,2.0,3.0,0.984790097193222,0.0,13.0,28.0,4.0,28.0,0.8924505214729991,3.1817800763312456,3.1818012861894625,1.0,90.0,83.93806483735291,62.43712720568197,1.0,-0.2331823782935995,0,bed2e85f2083dfe15f471e7b87088ce9fb4a9fce,7.0
120.0,0.0,0.0,0.0,1.0,0.0,1.0,0.0,0.0,0.0,1.0,0.0,0.0,0.0,0.0,1.0,57.0,46.0,1.1035376564299402,1.0,-0.4771223529762686,0,bed2e85f2083dfe15f471e7b87088ce9fb4a9fce,7.0
13.0,5.0,60.0,97.6217422886156,2.0,3.0,0.9943822272479044,0.0,11.0,28.0,4.0,28.0,0.9260759201806787,3.1817172580662443,3.181732254042932,1.0,88.0,84.56256742622864,62.476653842155656,1.0,-0.2257682937525437,0,bed2e85f2083dfe15f471e7b87088ce9fb4a9fce,7.0
14.0,5.0,50.0,98.04117111207948,2.0,3.0,0.9923008184928358,0.0,11.0,28.0,4.0,28.0,0.9019092296941243,3.181745026065516,3.1817628910448037,1.0,89.0,84.51520507882502,62.45437081633543,1.0,-0.2268954177105366,0,bed2e85f2083dfe15f471e7b87088ce9fb4a9fce,7.0
14.0,5.0,44.0,98.69052416072834,2.0,3.0,0.9912484439038934,0.0,12.0,28.0,4.0,28.0,0.8943525338804539,3.181756661372677,3.1817757831129496,1.0,89.0,84.3929905377866,62.44155106898493,1.0,-0.2270137535490495,0,bed2e85f2083dfe15f471e7b87088ce9fb4a9fce,7.0
14.0,6.0,45.0,98.08213019890744,2.0,3.0,0.990029647430356,0.0,12.0,28.0,4.0,28.0,0.9119888791876428,3.18176583344668,3.181785848526818,1.0,89.0,84.26452796862085,62.44232473906167,1.0,-0.2300089367775769,0,bed2e85f2083dfe15f471e7b87088ce9fb4a9fce,7.0
14.0,5.0,50.0,98.18683157753432,2.0,3.0,0.9923164421286635,0.0,11.0,28.0,4.0,28.0,0.903258233844372,3.181745092117064,3.181762961981436,1.0,89.0,84.47541524924257,62.45402668786931,1.0,-0.2267405545901911,0,bed2e85f2083dfe15f471e7b87088ce9fb4a9fce,7.0
14.0,6.0,46.0,97.956827711807,2.0,3.0,0.990011929858256,0.0,12.0,28.0,4.0,28.0,0.911789383055346,3.181765820381103,3.181785834442246,1.0,89.0,84.25794399407967,62.44514747866639,1.0,-0.2307253739079788,0,bed2e85f2083dfe15f471e7b87088ce9fb4a9fce,7.0
14.0,5.0,41.0,98.80541333908845,2.0,3.0,0.9902745096710164,0.0,12.0,28.0,4.0,28.0,0.8823602632417912,3.181770240432699,3.1817907740219784,1.0,90.0,84.35210449239504,62.43232330146284,1.0,-0.2275522420054097,0,bed2e85f2083dfe15f471e7b87088ce9fb4a9fce,7.0
14.0,6.0,45.0,98.03887217851484,2.0,3.0,0.9900073927093276,0.0,12.0,28.0,4.0,28.0,0.9114280004451478,3.181763573435289,3.1817834100279083,1.0,89.0,84.24483476480243,62.441801961019735,1.0,-0.2301190664522789,0,bed2e85f2083dfe15f471e7b87088ce9fb4a9fce,7.0
14.0,5.0,43.0,98.73867375063354,2.0,3.0,0.9908236120073928,0.0,12.0,28.0,4.0,28.0,0.8920342033944066,3.1817637233527254,3.1817835712291145,1.0,89.0,84.35620159416388,62.43785551021885,1.0,-0.2274113610852469,0,bed2e85f2083dfe15f471e7b87088ce9fb4a9fce,7.0
15.0,6.0,41.0,97.29340800963998,2.0,3.0,0.9868992680406068,0.0,13.0,28.0,3.0,28.0,0.8922434294495094,3.181766516288783,3.1817863148715726,1.0,90.0,84.16177114400068,62.43850367924125,1.0,-0.2296008188263497,0,bed2e85f2083dfe15f471e7b87088ce9fb4a9fce,7.0
13.0,4.0,64.0,97.48101311364216,2.0,3.0,0.9954244436982418,0.0,11.0,28.0,4.0,28.0,0.938886055162828,3.1817033756835955,3.181716937265726,1.0,88.0,84.5749857194278,62.487630289866,1.0,-0.2251253952285208,0,bed2e85f2083dfe15f471e7b87088ce9fb4a9fce,7.0
14.0,5.0,42.0,98.82987398497347,2.0,3.0,0.9907288477515278,0.0,12.0,28.0,4.0,28.0,0.8886742561282512,3.181763604180988,3.1817834432252825,1.0,89.0,84.37551851068433,62.43589777992998,1.0,-0.2272558662660345,0,bed2e85f2083dfe15f471e7b87088ce9fb4a9fce,7.0
13.0,2.0,111.0,94.41748699012815,2.0,3.0,1.0036949519623293,0.0,10.0,28.0,4.0,28.0,1.0472167406592336,3.181592157460357,3.1815942328153004,1.0,85.0,84.78088003344554,62.59633303451408,1.0,-0.2221994876590357,0,bed2e85f2083dfe15f471e7b87088ce9fb4a9fce,7.0
13.0,5.0,48.0,98.49971990375124,2.0,3.0,0.9918095253527104,0.0,11.0,28.0,4.0,28.0,0.899698989639903,3.1817542353531723,3.1817729965509747,1.0,89.0,84.4723747335308,62.44858004452329,1.0,-0.2267100545727136,0,bed2e85f2083dfe15f471e7b87088ce9fb4a9fce,7.0
14.0,6.0,40.0,98.87451135609425,2.0,3.0,0.9902284821745848,0.0,12.0,28.0,4.0,28.0,0.8821032776408004,3.181772803766717,3.181793538389066,1.0,89.0,84.40026544840572,62.43109739931652,1.0,-0.2275465223983706,0,bed2e85f2083dfe15f471e7b87088ce9fb4a9fce,7.0
1.0,1.0,313.0,3.1865509259259266,1.0,2.0,1.0,0.0,5.0,10.0,2.0,10.0,0.625,1.25,1.25,1.0,58.0,47.0,1.0778520756498708,1.0,-0.0291617002417954,0,bed2e85f2083dfe15f471e7b87088ce9fb4a9fce,7.0
32.0,12.0,136.0,77.59790880959666,2.0,3.0,0.9035362547875362,0.0,12.0,28.0,3.0,28.0,1.0720675148707857,3.181730746112971,3.181733517349088,1.0,93.0,84.30030224716013,62.71467830729417,1.0,-0.2684160795804463,0,bed2e85f2083dfe15f471e7b87088ce9fb4a9fce,7.0
26.0,9.0,70.0,87.57631321332553,2.0,3.0,0.9433168764207668,0.0,9.0,28.0,3.0,28.0,0.9153583047182928,3.181732592912908,3.1817440393902348,1.0,90.0,83.38947349805872,62.55552014405859,1.0,-0.2488775253467715,0,bed2e85f2083dfe15f471e7b87088ce9fb4a9fce,7.0
30.0,9.0,104.0,83.00272510768153,2.0,3.0,0.925800831054996,0.0,8.0,28.0,3.0,28.0,0.9642295842481696,3.181702610300806,3.18170739806225,1.0,90.0,82.98175630190778,62.650635610948505,1.0,-0.2567864754794181,0,bed2e85f2083dfe15f471e7b87088ce9fb4a9fce,7.0
27.0,8.0,80.0,85.90343678720126,2.0,3.0,0.9389096974479368,0.0,9.0,28.0,3.0,28.0,0.9310059173965124,3.1817261381548145,3.1817360703629918,1.0,90.0,83.21978450762356,62.58342029481301,1.0,-0.250569689551427,0,bed2e85f2083dfe15f471e7b87088ce9fb4a9fce,7.0
36.0,13.0,240.0,58.41047904643263,2.0,4.0,0.94407530671576,0.0,15.0,28.0,4.0,28.0,1.3399471591557337,3.1815291504309102,3.181505604100742,1.0,90.0,83.1760887031994,62.937840415663054,1.0,-0.2790073986445612,0,bed2e85f2083dfe15f471e7b87088ce9fb4a9fce,7.0
20.0,7.0,44.0,90.6572306455895,2.0,3.0,0.9750941885508811,0.0,12.0,28.0,3.0,28.0,0.9083856711609646,3.1817499093839205,3.181766974321915,1.0,89.0,83.53797569631439,62.46803487107103,1.0,-0.2358914548530379,0,bed2e85f2083dfe15f471e7b87088ce9fb4a9fce,7.0
39.0,16.0,200.0,64.37889635465828,2.0,4.0,0.8682956454348977,0.0,13.0,28.0,4.0,28.0,1.228830978584866,3.181753439325845,3.181749652120319,1.0,94.0,84.52929201136092,62.88579082682188,1.0,-0.2865055536394956,0,bed2e85f2083dfe15f471e7b87088ce9fb4a9fce,7.0
21.0,7.0,42.0,94.12717734830674,2.0,3.0,0.964294295914796,0.0,11.0,28.0,3.0,28.0,0.866527689541721,3.1817512658201217,3.1817685829919777,1.0,90.0,83.7571692854249,62.46844837886479,1.0,-0.2386541289868074,0,bed2e85f2083dfe15f471e7b87088ce9fb4a9fce,7.0
53.0,19.0,225.0,52.457239748512514,2.0,4.0,0.8515105437225783,0.0,13.0,28.0,4.0,28.0,1.280989548785586,3.181681411731572,3.1816684479454267,1.0,94.0,84.02253851619072,62.96900530141177,1.0,-0.3098832716691122,0,f97661aadfcb603b3af73cb2998d801fa6be3fbc,7.0
16.0,6.0,36.0,97.3559058975977,2.0,3.0,0.9853646340134834,0.0,13.0,28.0,3.0,28.0,0.8835947586565653,3.181777839109822,3.1817988713879832,1.0,90.0,84.12957463151322,62.4282514271289,1.0,-0.23041397069158,0,f97661aadfcb603b3af73cb2998d801fa6be3fbc,7.0
30.0,12.0,86.0,84.19373092038194,2.0,4.0,0.9252726255987812,0.0,9.0,28.0,3.0,28.0,0.980390304564748,3.181725316061053,3.1817354404094216,1.0,90.0,82.97422501705731,62.60205494844859,1.0,-0.2653266879104915,0,f97661aadfcb603b3af73cb2998d801fa6be3fbc,7.0
35.0,19.0,155.0,69.21965279648703,2.0,4.0,0.9085733077073344,0.0,10.0,28.0,4.0,28.0,1.1895127399873504,3.1816561958230696,3.181652284488077,1.0,88.0,82.3012618083978,62.77446553414578,1.0,-0.2970976904378905,0,f97661aadfcb603b3af73cb2998d801fa6be3fbc,7.0
29.0,9.0,273.0,80.61660298655482,3.0,4.0,0.9213901902735788,0.0,13.0,28.0,4.0,28.0,1.2797445326706616,3.1815762625707213,3.1815583867548223,1.0,88.0,82.69244852237428,62.98239820451918,1.0,-0.2849957920550152,0,f97661aadfcb603b3af73cb2998d801fa6be3fbc,7.0
124.0,85.0,298.0,3.0878819444444443,1.0,2.0,1.0,0.0,0.0,0.0,2.0,0.0,0.0,0.0,0.0,1.0,50.0,39.0,1.3238465776838222,1.0,0.0,0,f97661aadfcb603b3af73cb2998d801fa6be3fbc,7.0
25.0,14.0,82.0,80.15489308036693,2.0,4.0,0.9812521628920486,0.0,11.0,28.0,4.0,28.0,0.961398311327314,3.181749188630964,3.18176114742994,1.0,92.0,83.46981170104073,62.56845347797002,1.0,-0.2699944652358798,0,f97661aadfcb603b3af73cb2998d801fa6be3fbc,7.0
15.0,6.0,37.0,97.39916391799028,2.0,3.0,0.985386888734512,0.0,13.0,28.0,3.0,28.0,0.88415563739906,3.18178009912121,3.1818013098868905,1.0,90.0,84.14926783533161,62.42877420517083,1.0,-0.2303038410168781,0,f97661aadfcb603b3af73cb2998d801fa6be3fbc,7.0
16.0,6.0,38.0,95.62309884632464,2.0,3.0,0.982307502751388,0.0,13.0,28.0,3.0,28.0,0.8983346820382716,3.181786382540752,3.1818076930970465,1.0,90.0,84.07227018686851,62.43552163351267,1.0,-0.232086528471771,0,f97661aadfcb603b3af73cb2998d801fa6be3fbc,7.0
31.0,11.0,407.0,41.03149763032027,2.0,4.0,1.015425860805805,0.0,9.0,28.0,4.0,28.0,1.9080898224842688,3.181410576043247,3.181368052856964,1.0,95.0,84.39152908826823,63.29468353039655,1.0,-0.2563851809350568,0,f97661aadfcb603b3af73cb2998d801fa6be3fbc,7.0
16.0,6.0,60.0,91.14493651210196,2.0,3.0,0.9870041449419222,0.0,13.0,28.0,4.0,28.0,0.9722342626512064,3.181759614064398,3.181776706309841,1.0,88.0,83.94042851766558,62.48831201834139,1.0,-0.2306849193003744,0,f97661aadfcb603b3af73cb2998d801fa6be3fbc,7.0
17.0,6.0,49.0,93.58689298414512,2.0,3.0,0.9860364157736216,0.0,13.0,28.0,4.0,28.0,0.9330412062962138,3.181762044815202,3.18178040021005,1.0,90.0,83.98645981736911,62.46131119598687,1.0,-0.2310496168088778,0,f97661aadfcb603b3af73cb2998d801fa6be3fbc,7.0
16.0,6.0,49.0,93.87075590090228,2.0,3.0,0.986695910983634,0.0,13.0,28.0,4.0,28.0,0.9341270122252952,3.181768843953339,3.18178773619173,1.0,89.0,83.96309222861599,62.46143234317901,1.0,-0.2302564617721054,0,f97661aadfcb603b3af73cb2998d801fa6be3fbc,7.0
17.0,6.0,48.0,93.3879617515209,2.0,3.0,0.9866441696796882,0.0,13.0,28.0,4.0,28.0,0.9321449652275248,3.181762182530204,3.1817805481391592,1.0,90.0,83.93735343820866,62.4607353500128,1.0,-0.2311938876421641,0,f97661aadfcb603b3af73cb2998d801fa6be3fbc,7.0
16.0,6.0,58.0,91.74840295075948,2.0,3.0,0.9869692996780408,0.0,13.0,28.0,4.0,28.0,0.9573164347945172,3.1817641796312217,3.181781989656619,1.0,89.0,84.00750622769934,62.482222797089314,1.0,-0.2307037541614265,0,f97661aadfcb603b3af73cb2998d801fa6be3fbc,7.0
16.0,6.0,49.0,93.73278542738534,2.0,3.0,0.986692886838028,0.0,13.0,28.0,4.0,28.0,0.932673432747552,3.1817688407193643,3.1817877327442683,1.0,89.0,83.9856179896213,62.46176247357857,1.0,-0.2304151348621583,0,f97661aadfcb603b3af73cb2998d801fa6be3fbc,7.0
17.0,6.0,61.0,90.17516189829988,2.0,4.0,0.9869848117029972,0.0,14.0,28.0,4.0,28.0,0.9836964725560312,3.181743735015507,3.181759216118676,1.0,90.0,83.79124477770412,62.49386932729184,1.0,-0.231240242513038,0,f97661aadfcb603b3af73cb2998d801fa6be3fbc,7.0
16.0,6.0,57.0,91.89842102394108,2.0,3.0,0.986912204575704,0.0,13.0,28.0,4.0,28.0,0.9579676590339086,3.18176419305634,3.1817820040064624,1.0,89.0,83.99114623853492,62.480140819181294,1.0,-0.2306802444612208,0,f97661aadfcb603b3af73cb2998d801fa6be3fbc,7.0
16.0,6.0,54.0,92.73457038924003,2.0,3.0,0.9868611528820056,0.0,13.0,28.0,4.0,28.0,0.9453961113902108,3.1817665050797217,3.181784855749253,1.0,89.0,83.99347922273985,62.47286855908817,1.0,-0.2304918628168689,0,f97661aadfcb603b3af73cb2998d801fa6be3fbc,7.0
18.0,3.0,76.0,92.18254661486654,2.0,3.0,0.9943800319583606,0.0,13.0,28.0,3.0,28.0,0.9783373050124684,3.1817087791463763,3.1817219425793875,1.0,88.0,83.67963846162665,62.52620055317963,1.0,-0.2318108648784687,0,f97661aadfcb603b3af73cb2998d801fa6be3fbc,7.0
13.0,5.0,42.0,98.86703490848087,2.0,3.0,0.9908215142973392,0.0,12.0,28.0,4.0,28.0,0.8877463577452065,3.1817661298424573,3.1817861669343155,1.0,89.0,84.2725924646841,62.43642984616582,1.0,-0.227285931848684,0,f97661aadfcb603b3af73cb2998d801fa6be3fbc,7.0
30.0,9.0,18.0,88.51904345376201,2.0,3.0,0.9296952428894508,0.0,6.0,28.0,3.0,28.0,0.7782535441068879,3.181766638284736,3.1817864442131905,1.0,89.0,83.16069663456292,62.46347350250728,1.0,-0.25064827863403,0,f97661aadfcb603b3af73cb2998d801fa6be3fbc,7.0
14.0,6.0,37.0,99.04310013412368,2.0,3.0,0.98914810564923,0.0,12.0,28.0,4.0,28.0,0.877318454531958,3.1817754795663094,3.1817965931236727,1.0,90.0,84.25818344204595,62.42519476850617,1.0,-0.2282945095546715,0,f97661aadfcb603b3af73cb2998d801fa6be3fbc,7.0
14.0,6.0,40.0,98.96312671233352,2.0,3.0,0.9902796634239448,0.0,12.0,28.0,4.0,28.0,0.881507201250509,3.1817708126393804,3.1817913885477416,1.0,89.0,84.23542723376343,62.43025377906895,1.0,-0.227638174240371,0,f97661aadfcb603b3af73cb2998d801fa6be3fbc,7.0
42.0,18.0,202.0,57.68512962097629,2.0,3.0,0.918815303566123,0.0,11.0,28.0,3.0,28.0,1.3869668753650486,3.1816452019526698,3.18163685795685,1.0,92.0,83.07831139772073,62.88405352892651,1.0,-0.2942460030983959,0,f97661aadfcb603b3af73cb2998d801fa6be3fbc,7.0
17.0,6.0,61.0,93.08269429059298,2.0,3.0,0.9840454677837188,0.0,13.0,28.0,4.0,28.0,0.9409490095357992,3.1817514719049584,3.1817677152000226,1.0,90.0,83.80002752474701,62.49053513205311,1.0,-0.2333619120070899,0,f97661aadfcb603b3af73cb2998d801fa6be3fbc,7.0
18.0,6.0,62.0,94.80756593298008,2.0,3.0,0.9767198868885284,0.0,13.0,28.0,3.0,28.0,0.916897753609931,3.1817674607667863,3.181784905449687,1.0,90.0,83.62491895949167,62.49175563460196,1.0,-0.2368763667531001,0,f97661aadfcb603b3af73cb2998d801fa6be3fbc,7.0
35.0,15.0,127.0,67.32757209380907,2.0,3.0,0.9232524416510656,0.0,15.0,28.0,3.0,28.0,1.213018259462683,3.181741243174934,3.181747047193572,1.0,91.0,83.05385822009399,62.70025323932957,1.0,-0.2778609882344651,0,f97661aadfcb603b3af73cb2998d801fa6be3fbc,7.0
36.0,14.0,120.0,76.80014933107816,2.0,4.0,0.9049032318695966,0.0,9.0,28.0,3.0,28.0,1.0580407037512316,3.181710357212349,3.181714913727109,1.0,90.0,82.89019339475854,62.69535859071084,1.0,-0.2786965286767521,0,f97661aadfcb603b3af73cb2998d801fa6be3fbc,7.0
21.0,1.0,238.0,84.45902317620062,3.0,3.0,1.0053349098434403,0.0,9.0,28.0,3.0,28.0,1.3032160731444278,3.181423429294708,3.181401907200361,1.0,90.0,84.1754311639745,62.88871701018281,1.0,-0.2411093468889688,0,f97661aadfcb603b3af73cb2998d801fa6be3fbc,7.0
14.0,4.0,68.0,97.40125257476264,2.0,3.0,0.9976451703927468,0.0,11.0,28.0,3.0,28.0,0.9386268824054226,3.181698615857332,3.181711631848789,1.0,89.0,84.47162770535934,62.49404528233406,1.0,-0.2265236787080362,0,f97661aadfcb603b3af73cb2998d801fa6be3fbc,7.0
13.0,5.0,43.0,98.7784195522416,2.0,3.0,0.9907703330479792,0.0,12.0,28.0,4.0,28.0,0.8883424341354975,3.181768120969798,3.181788316775644,1.0,89.0,84.43743067932633,62.437273466413394,1.0,-0.2271942800066836,0,f97661aadfcb603b3af73cb2998d801fa6be3fbc,7.0
14.0,5.0,45.0,98.57036854445008,2.0,3.0,0.9918208935030371,0.0,12.0,28.0,4.0,28.0,0.8910302157460008,3.181758917703509,3.181778217408285,1.0,90.0,84.37606429267956,62.44235919764439,1.0,-0.2276025689890927,0,f97661aadfcb603b3af73cb2998d801fa6be3fbc,7.0
13.0,5.0,49.0,98.24124080662476,2.0,3.0,0.9939986109378892,0.0,11.0,28.0,4.0,28.0,0.8965908957245134,3.1817473307954285,3.181765377212432,1.0,89.0,84.3395502051421,62.450532723619126,1.0,-0.2266938645150939,0,f97661aadfcb603b3af73cb2998d801fa6be3fbc,7.0
13.0,5.0,51.0,98.32080931427822,2.0,3.0,0.9951784716836416,0.0,11.0,28.0,4.0,28.0,0.9032227325577504,3.181740372748068,3.181757700653433,1.0,89.0,84.27320480146106,62.45650505135479,1.0,-0.2258441679646196,0,f97661aadfcb603b3af73cb2998d801fa6be3fbc,7.0
14.0,5.0,47.0,98.44713710226736,2.0,3.0,0.9929301965567232,0.0,11.0,28.0,4.0,28.0,0.8946580837220577,3.181751990765193,3.181770574333448,1.0,89.0,84.33361488057865,62.44689543016524,1.0,-0.2270563633494942,0,f97661aadfcb603b3af73cb2998d801fa6be3fbc,7.0
14.0,5.0,53.0,98.03216345543626,2.0,3.0,0.993952131559278,0.0,11.0,28.0,3.0,28.0,0.9047427308681562,3.181740345609409,3.181757671366623,1.0,89.0,84.41155412887917,62.46012719346868,1.0,-0.2274650462781808,0,f97661aadfcb603b3af73cb2998d801fa6be3fbc,7.0
14.0,5.0,45.0,98.84630949148412,2.0,3.0,0.991826941794249,0.0,12.0,28.0,4.0,28.0,0.8939373747014874,3.181758924171461,3.1817782243032102,1.0,90.0,84.3310127706692,62.44169893684526,1.0,-0.2272852228089866,0,f97661aadfcb603b3af73cb2998d801fa6be3fbc,7.0
17.0,8.0,47.0,94.8237188165001,2.0,3.0,0.9839192768342068,0.0,13.0,28.0,3.0,28.0,0.964822717239831,3.1817708057951863,3.1817911133134875,1.0,90.0,83.63506931740027,62.45206714416175,1.0,-0.2395602800949221,0,f97661aadfcb603b3af73cb2998d801fa6be3fbc,7.0
36.0,13.0,221.0,64.53394070653945,2.0,4.0,0.9252981897513516,0.0,16.0,28.0,4.0,28.0,1.3433874719403538,3.1816464100395394,3.181633844158725,1.0,93.0,84.83436964123294,62.891750198339984,1.0,-0.2801447333141922,0,f97661aadfcb603b3af73cb2998d801fa6be3fbc,7.0
29.0,8.0,62.0,89.23503033626312,2.0,3.0,0.9285398854069896,0.0,9.0,28.0,3.0,28.0,0.8536703753339218,3.1817304133549986,3.181742640087924,1.0,90.0,83.40302686079927,62.546516432118175,1.0,-0.2546839219075615,0,f97661aadfcb603b3af73cb2998d801fa6be3fbc,7.0
34.0,8.0,49.0,66.81165951742145,2.0,4.0,0.9320758116436254,0.0,25.0,28.0,3.0,28.0,1.1017626211210716,3.181809991086691,3.1818281130198263,1.0,88.0,81.06401480548665,62.532122638384,1.0,-0.2595342035323822,0,f97661aadfcb603b3af73cb2998d801fa6be3fbc,7.0
15.0,7.0,69.0,94.84979706619056,2.0,3.0,0.9915633814997726,0.0,11.0,28.0,4.0,28.0,1.003325912654816,3.1817170357740974,3.181732015629723,1.0,88.0,84.17927631327419,62.4971971315536,1.0,-0.2356359818206053,0,f97661aadfcb603b3af73cb2998d801fa6be3fbc,7.0
15.0,8.0,59.0,95.2519467771072,2.0,3.0,0.989595088224456,0.0,12.0,28.0,4.0,28.0,0.9787412541899474,3.181744839472496,3.181762690691034,1.0,89.0,84.11991026822751,62.47487079423299,1.0,-0.2367711686387049,0,f97661aadfcb603b3af73cb2998d801fa6be3fbc,7.0
15.0,9.0,54.0,95.3760527432842,2.0,3.0,0.9869906130809066,0.0,12.0,28.0,3.0,28.0,0.9913886446659308,3.181765714183683,3.1817857198361548,1.0,89.0,83.879740553501,62.46351462533292,1.0,-0.2400481683449445,0,f97661aadfcb603b3af73cb2998d801fa6be3fbc,7.0
15.0,8.0,49.0,96.10777278379952,2.0,3.0,0.9879763440361462,0.0,12.0,28.0,3.0,28.0,0.9580808967225174,3.181770509618622,3.1817910620722896,1.0,90.0,83.91257621683697,62.450563426701024,1.0,-0.2374074326664334,0,f97661aadfcb603b3af73cb2998d801fa6be3fbc,7.0
15.0,8.0,60.0,95.3814888604996,2.0,3.0,0.9890210049589636,0.0,12.0,28.0,4.0,28.0,0.9821406681163408,3.1817448896540483,3.18176274459017,1.0,89.0,84.14004187784816,62.47564372230096,1.0,-0.2369203984409728,0,f97661aadfcb603b3af73cb2998d801fa6be3fbc,7.0
16.0,9.0,56.0,95.25363889792308,2.0,3.0,0.9862587615797588,0.0,12.0,28.0,3.0,28.0,0.993699323085926,3.181765645979073,3.1817856468487067,1.0,90.0,83.94628208557018,62.467502064122144,1.0,-0.2410598292518427,0,f97661aadfcb603b3af73cb2998d801fa6be3fbc,7.0
15.0,8.0,50.0,96.06174362272591,2.0,3.0,0.986805093203023,0.0,12.0,28.0,3.0,28.0,0.9621972253799432,3.1817701847471485,3.181790713031502,1.0,90.0,84.01011711489163,62.45279437244899,1.0,-0.2380463718338449,0,f97661aadfcb603b3af73cb2998d801fa6be3fbc,7.0
15.0,9.0,53.0,95.3489131049541,2.0,3.0,0.9875580652611984,0.0,12.0,28.0,3.0,28.0,0.9887773561472896,3.1817634700422843,3.181783298374737,1.0,89.0,83.80012591047942,62.4618747907569,1.0,-0.2398542050970329,0,f97661aadfcb603b3af73cb2998d801fa6be3fbc,7.0
16.0,8.0,50.0,94.62211037763008,2.0,3.0,0.9843277758743454,0.0,13.0,28.0,3.0,28.0,0.9700441905682312,3.181766374340722,3.1817861621142094,1.0,90.0,83.7300262831321,62.45862328539881,1.0,-0.2393272495821886,0,f97661aadfcb603b3af73cb2998d801fa6be3fbc,7.0
14.0,5.0,121.0,91.77028250089693,2.0,4.0,0.9995752895294354,0.0,10.0,28.0,4.0,28.0,1.1304808969395523,3.181591867393159,3.1815939219091853,1.0,85.0,84.50811010529934,62.618827949231054,1.0,-0.232507819336154,0,f97661aadfcb603b3af73cb2998d801fa6be3fbc,7.0
14.0,8.0,56.0,96.0381697547092,2.0,3.0,0.9881732395748204,0.0,12.0,28.0,3.0,28.0,0.9749936402675576,3.1817655403662064,3.1817853638662656,1.0,88.0,84.12246569239996,62.46520897424386,1.0,-0.2367624316187471,0,f97661aadfcb603b3af73cb2998d801fa6be3fbc,7.0
14.0,8.0,58.0,95.92668810905852,2.0,3.0,0.9892056241022752,0.0,12.0,28.0,4.0,28.0,0.9789057264688678,3.1817585891524818,3.181777694911008,1.0,88.0,84.08817879469629,62.469774658584974,1.0,-0.2362107432342761,0,f97661aadfcb603b3af73cb2998d801fa6be3fbc,7.0
20.0,9.0,83.0,86.27339792732243,2.0,4.0,0.9805878657784376,0.0,14.0,28.0,4.0,28.0,1.0537578010011923,3.181753335091456,3.181768638184836,1.0,90.0,83.48724369025572,62.54170977720654,1.0,-0.2458594168858424,0,f97661aadfcb603b3af73cb2998d801fa6be3fbc,7.0
4.0,186.0,337.0,0.0986689814814814,1.0,3.0,1.0,0.0,5.0,5.0,3.0,5.0,0.625,0.625,0.625,1.0,51.0,40.0,11.134897360703812,1.0,-0.5292976709366713,0,bed2e85f2083dfe15f471e7b87088ce9fb4a9fce,7.0
3.0,2.0,411.0,3.1865509259259266,1.0,2.0,1.0,0.0,5.0,11.0,2.0,11.0,0.625,1.375,1.375,1.0,59.0,48.0,1.0623774921215927,1.0,-0.061037750650383,0,bed2e85f2083dfe15f471e7b87088ce9fb4a9fce,7.0
5.0,0.0,241.0,3.1865509259259266,1.0,2.0,1.0,0.0,5.0,7.0,2.0,7.0,0.625,0.875,0.875,1.0,52.0,41.0,1.3043936260538396,1.0,-0.061037750650383,0,bed2e85f2083dfe15f471e7b87088ce9fb4a9fce,7.0
104.0,0.0,0.0,0.0,1.0,0.0,1.0,0.0,0.0,0.0,1.0,0.0,0.0,0.0,0.0,1.0,53.0,42.0,1.3043936260538396,1.0,-0.4520534203172167,0,bed2e85f2083dfe15f471e7b87088ce9fb4a9fce,7.0
5.0,0.0,141.0,3.1865509259259266,1.0,2.0,1.0,0.0,5.0,9.0,2.0,9.0,0.625,1.125,1.125,1.0,55.0,44.0,1.1035376564299402,1.0,-0.061037750650383,0,bed2e85f2083dfe15f471e7b87088ce9fb4a9fce,7.0
124.0,0.0,0.0,0.0,1.0,0.0,1.0,0.0,0.0,0.0,1.0,0.0,0.0,0.0,0.0,1.0,56.0,45.0,1.1035376564299402,1.0,-0.4824951771314029,0,bed2e85f2083dfe15f471e7b87088ce9fb4a9fce,7.0
17.0,6.0,38.0,94.58971897388392,2.0,3.0,0.9820423920373944,0.0,14.0,28.0,3.0,28.0,0.9018673236017578,3.1817841247894174,3.1818052570590147,1.0,90.0,83.91737171541685,62.43780035267384,1.0,-0.2331237889919754,0,bed2e85f2083dfe15f471e7b87088ce9fb4a9fce,7.0
120.0,0.0,0.0,0.0,1.0,0.0,1.0,0.0,0.0,0.0,1.0,0.0,0.0,0.0,0.0,1.0,57.0,46.0,1.1035376564299402,1.0,-0.4771223529762686,0,bed2e85f2083dfe15f471e7b87088ce9fb4a9fce,7.0
75.0,57.0,396.0,0.0648611111111111,1.0,4.0,1.0,0.0,0.0,0.0,4.0,0.0,0.0,0.0,0.0,1.0,96.0,84.0,16.41755888650964,1.0,0.0,1,9909cc9665526d49d39c7f105bbd058948ab08ca,7.0
53.0,19.0,230.0,55.43250249631711,2.0,4.0,0.8357674158851818,0.0,13.0,28.0,4.0,28.0,1.2598104303450943,3.1816651627765693,3.1816505207958587,1.0,95.0,84.44665902719875,62.98217321090244,1.0,-0.3106774445867137,0,9909cc9665526d49d39c7f105bbd058948ab08ca,7.0
28.0,17.0,91.0,74.97579882759386,2.0,3.0,0.9774960117504036,0.0,11.0,28.0,3.0,28.0,1.0381866689639063,3.1817263034629555,3.18173655170562,1.0,92.0,83.40399200802507,62.59829185700593,1.0,-0.2808022546776192,0,9909cc9665526d49d39c7f105bbd058948ab08ca,7.0
30.0,18.0,111.0,73.32136665295872,2.0,3.0,0.9654018598628744,0.0,11.0,28.0,3.0,28.0,1.0512639458372917,3.181697435898443,3.1817029470581115,1.0,90.0,83.20360944640568,62.65025127609846,1.0,-0.2925074665834644,0,9909cc9665526d49d39c7f105bbd058948ab08ca,7.0
28.0,9.0,274.0,80.70311902734,3.0,4.0,0.921434699715636,0.0,13.0,28.0,4.0,28.0,1.280866290155651,3.181580782593504,3.181563263752642,1.0,88.0,82.73183493001112,62.98344376060304,1.0,-0.2847755327056113,0,9909cc9665526d49d39c7f105bbd058948ab08ca,7.0
39.0,22.0,147.0,59.71841815414068,2.0,4.0,0.969686978585466,0.0,11.0,28.0,4.0,28.0,1.1654572333721342,3.181703861213084,3.1817077323506946,1.0,94.0,83.38699678401348,62.73945273176916,1.0,-0.3055340864280391,0,9909cc9665526d49d39c7f105bbd058948ab08ca,7.0
15.0,6.0,37.0,97.44242193838282,2.0,3.0,0.9854091434555408,0.0,13.0,28.0,3.0,28.0,0.8847165161415549,3.1817823591325984,3.1818037483857977,1.0,90.0,84.16896103915,62.42929698321276,1.0,-0.2301937113421761,0,9909cc9665526d49d39c7f105bbd058948ab08ca,7.0
17.0,6.0,52.0,91.98891684318431,2.0,3.0,0.9863147766543472,0.0,13.0,28.0,4.0,28.0,0.9515149548946032,3.1817618059215804,3.181779598604824,1.0,90.0,83.8500736548023,62.47206312023886,1.0,-0.231234956109145,0,9909cc9665526d49d39c7f105bbd058948ab08ca,7.0
17.0,6.0,55.0,91.4061899749442,2.0,4.0,0.9867948826793488,0.0,13.0,28.0,4.0,28.0,0.952256106365948,3.181752886531436,3.181769804616989,1.0,90.0,83.9377317414533,62.47818718977077,1.0,-0.2315482390148366,0,9909cc9665526d49d39c7f105bbd058948ab08ca,7.0
16.0,6.0,46.0,93.77182681389672,2.0,3.0,0.9861369442131224,0.0,13.0,28.0,4.0,28.0,0.9258889066154932,3.1817709703734107,3.181790200892987,1.0,90.0,83.90645757453069,62.45506046111955,1.0,-0.2309082602507317,0,9909cc9665526d49d39c7f105bbd058948ab08ca,7.0
16.0,6.0,45.0,93.8665392670211,2.0,3.0,0.9861177136376996,0.0,13.0,28.0,4.0,28.0,0.9267816073507418,3.1817687135959942,3.1817877658415386,1.0,90.0,83.86423860970703,62.454207552678064,1.0,-0.2308597168353806,0,9909cc9665526d49d39c7f105bbd058948ab08ca,7.0
14.0,6.0,40.0,98.9667912593488,2.0,3.0,0.9903796760572467,0.0,12.0,28.0,4.0,28.0,0.8808483737108511,3.181773557577565,3.1817943482590896,1.0,89.0,84.19309662547927,62.43092942251777,1.0,-0.2275922420348595,0,9909cc9665526d49d39c7f105bbd058948ab08ca,7.0
16.0,6.0,49.0,93.43121977191346,2.0,3.0,0.9866664244007168,0.0,13.0,28.0,4.0,28.0,0.9327058439700198,3.1817644425415934,3.181782986638068,1.0,90.0,83.9570466420271,62.46125812805473,1.0,-0.2310837579674621,0,9909cc9665526d49d39c7f105bbd058948ab08ca,7.0
17.0,6.0,54.0,91.78744433727088,2.0,3.0,0.9864133570531354,0.0,13.0,28.0,4.0,28.0,0.9505319086624588,3.1817663092852677,3.1817844578053367,1.0,89.0,83.92834581260878,62.47552078463029,1.0,-0.2311968795499998,0,9909cc9665526d49d39c7f105bbd058948ab08ca,7.0
16.0,6.0,50.0,92.92362984893305,2.0,3.0,0.9862481151547634,0.0,13.0,28.0,4.0,28.0,0.939262809497543,3.181768648158886,3.181787338247814,1.0,89.0,83.89795881848485,62.464084568721134,1.0,-0.2309614785052364,0,9909cc9665526d49d39c7f105bbd058948ab08ca,7.0
16.0,6.0,51.0,92.77361177575143,2.0,3.0,0.9863052102571004,0.0,13.0,28.0,4.0,28.0,0.938611585258152,3.1817686347337664,3.1817873238979697,1.0,89.0,83.9143188076493,62.466166546629154,1.0,-0.2309849882054422,0,9909cc9665526d49d39c7f105bbd058948ab08ca,7.0
20.0,4.0,77.0,89.67083709512048,2.0,3.0,0.9929016531196952,0.0,13.0,28.0,4.0,28.0,0.9958397315359402,3.1817041954089773,3.1817166402706847,1.0,88.0,83.43339859070288,62.53239724623306,1.0,-0.2338993716587038,0,9909cc9665526d49d39c7f105bbd058948ab08ca,7.0
40.0,19.0,225.0,54.74926014185687,2.0,4.0,0.9331670367416958,0.0,9.0,28.0,4.0,28.0,1.47507218461404,3.181612056409648,3.181599145302736,1.0,92.0,83.05961025172697,62.93251733728578,1.0,-0.2886625087087823,0,9909cc9665526d49d39c7f105bbd058948ab08ca,7.0
29.0,10.0,78.0,83.48138382907464,2.0,3.0,0.9305339233855956,0.0,8.0,28.0,3.0,28.0,0.9227791351561648,3.1817284812203708,3.181738052656826,1.0,90.0,83.27856517843671,62.58856397580826,1.0,-0.2549828024538495,0,9909cc9665526d49d39c7f105bbd058948ab08ca,7.0
28.0,9.0,47.0,86.28539376184055,2.0,3.0,0.937166429902075,0.0,8.0,28.0,3.0,28.0,0.869669937712979,3.1817497763148226,3.181764887995911,1.0,90.0,83.1318652953694,62.51675284664012,1.0,-0.2503533503134214,0,9909cc9665526d49d39c7f105bbd058948ab08ca,7.0
15.0,6.0,38.0,97.48567995877536,2.0,3.0,0.9854313981765692,0.0,13.0,28.0,3.0,28.0,0.8852773948840497,3.1817846191439894,3.181806186884707,1.0,89.0,84.18865424296837,62.42981976125469,1.0,-0.2300835816674741,0,9909cc9665526d49d39c7f105bbd058948ab08ca,7.0
16.0,6.0,41.0,96.05447038551554,2.0,3.0,0.985581455418283,0.0,13.0,28.0,3.0,28.0,0.9030905791881068,3.181778173304721,3.181798685465492,1.0,90.0,84.02427961011962,62.43996818830461,1.0,-0.2303600163558178,0,9909cc9665526d49d39c7f105bbd058948ab08ca,7.0
31.0,16.0,87.0,74.21463036021835,2.0,3.0,0.9798769923286756,0.0,11.0,28.0,4.0,28.0,1.0097475285073911,3.181741836305016,3.181753805686319,1.0,93.0,83.34457800870315,62.59129702370197,1.0,-0.2802222825056041,0,9909cc9665526d49d39c7f105bbd058948ab08ca,7.0
28.0,11.0,84.0,84.47721001854191,2.0,4.0,0.9432330736457516,0.0,11.0,28.0,3.0,28.0,1.0169407532470578,3.1817363491698982,3.1817484538827765,1.0,91.0,83.2286714457161,62.57891448454507,1.0,-0.2619093806403927,0,9909cc9665526d49d39c7f105bbd058948ab08ca,7.0
15.0,6.0,38.0,97.2366771106276,2.0,3.0,0.9854699183838702,0.0,13.0,28.0,3.0,28.0,0.8844287054261256,3.181782359446336,3.1818037487256703,1.0,90.0,84.1675420210775,62.431098528902645,1.0,-0.2305744511372998,0,9909cc9665526d49d39c7f105bbd058948ab08ca,7.0
20.0,2.0,223.0,84.42488454902883,2.0,3.0,1.0062345388771252,0.0,10.0,28.0,3.0,28.0,1.279705120639375,3.1814510249310954,3.181432459726311,1.0,90.0,84.1406016590933,62.85270130647227,1.0,-0.2393793288805372,0,9909cc9665526d49d39c7f105bbd058948ab08ca,7.0
27.0,9.0,109.0,80.07576474180017,2.0,4.0,0.9406902710922398,0.0,17.0,28.0,4.0,28.0,1.0837982789095364,3.1817490151256203,3.1817573139633923,1.0,92.0,84.63683109108571,62.626193225222096,1.0,-0.2558067162520862,0,9909cc9665526d49d39c7f105bbd058948ab08ca,7.0
34.0,11.0,124.0,71.01335689600381,2.0,3.0,0.952052006216056,0.0,17.0,28.0,4.0,28.0,1.1637508219186206,3.1817437597753586,3.1817509226523844,1.0,93.0,83.54455542468008,62.66936487993995,1.0,-0.2642363661993637,0,9909cc9665526d49d39c7f105bbd058948ab08ca,7.0
17.0,6.0,38.0,95.57984082593204,2.0,3.0,0.9822852480303595,0.0,13.0,28.0,3.0,28.0,0.897773803295777,3.181784122529361,3.181805254598136,1.0,90.0,84.05257698305006,62.434998855470745,1.0,-0.232196658146473,0,9909cc9665526d49d39c7f105bbd058948ab08ca,7.0
30.0,16.0,125.0,72.00944618196561,2.0,3.0,0.9549219636378709,0.0,12.0,28.0,4.0,28.0,1.0768026644727922,3.1817032066595328,3.1817045545595213,1.0,94.0,83.47949985024486,62.68280016444532,1.0,-0.278486305784732,0,9909cc9665526d49d39c7f105bbd058948ab08ca,7.0
14.0,8.0,55.0,95.99491173431662,2.0,3.0,0.9881509848537918,0.0,12.0,28.0,3.0,28.0,0.9744327615250624,3.181763280354818,3.1817829253673584,1.0,89.0,84.10277248858151,62.46468619620193,1.0,-0.2368725612934491,0,9909cc9665526d49d39c7f105bbd058948ab08ca,7.0
14.0,8.0,57.0,95.8834300886659,2.0,3.0,0.9891833693812464,0.0,12.0,28.0,4.0,28.0,0.9783448477263732,3.1817563291410957,3.1817752564121022,1.0,88.0,84.06848559087781,62.46925188054304,1.0,-0.2363208729089781,0,9909cc9665526d49d39c7f105bbd058948ab08ca,7.0
15.0,8.0,49.0,96.15103080419206,2.0,3.0,0.9879985987571748,0.0,12.0,28.0,3.0,28.0,0.9586417754650124,3.1817727696300144,3.1817935005712004,1.0,89.0,83.93226942065535,62.45108620474296,1.0,-0.2372973029917315,0,9909cc9665526d49d39c7f105bbd058948ab08ca,7.0
20.0,9.0,83.0,86.31665594771505,2.0,4.0,0.9806101204994662,0.0,13.0,28.0,4.0,28.0,1.0543186797436874,3.1817555951028456,3.1817710766837446,1.0,89.0,83.50693689407422,62.54223255524848,1.0,-0.2457492872111404,0,9909cc9665526d49d39c7f105bbd058948ab08ca,7.0
27.0,9.0,76.0,87.31237676700601,2.0,3.0,0.9360211204788584,0.0,9.0,28.0,3.0,28.0,0.913406787101006,3.18172418149693,3.181734044368257,1.0,90.0,83.30260961720535,62.575101777365504,1.0,-0.2520785092636536,0,9909cc9665526d49d39c7f105bbd058948ab08ca,7.0
28.0,9.0,91.0,84.94671038446936,2.0,3.0,0.9327468922083564,0.0,9.0,28.0,3.0,28.0,0.9478456348213876,3.1817177795494027,3.181725587114045,1.0,90.0,83.21295497556436,62.61308657357623,1.0,-0.2536163735531666,0,9909cc9665526d49d39c7f105bbd058948ab08ca,7.0
35.0,12.0,222.0,61.772281874098304,2.0,4.0,0.9493252039121476,0.0,14.0,28.0,4.0,28.0,1.2972674629597258,3.18152714193984,3.1815044337118965,1.0,90.0,82.97158536888878,62.89596532082636,1.0,-0.2731338448102786,0,9909cc9665526d49d39c7f105bbd058948ab08ca,7.0
16.0,6.0,37.0,97.193419090235,2.0,3.0,0.9854476636628416,0.0,13.0,28.0,3.0,28.0,0.883867826683631,3.181780099434947,3.1818013102267626,1.0,90.0,84.14784881725909,62.43057575086072,1.0,-0.2306845808120018,0,9909cc9665526d49d39c7f105bbd058948ab08ca,7.0
35.0,14.0,168.0,70.95145178668312,2.0,4.0,0.8848812357642303,0.0,12.0,28.0,4.0,28.0,1.1500111848692205,3.1817335036541694,3.1817317510278182,1.0,94.0,84.30562956136167,62.80222823417263,1.0,-0.2779040868054019,0,9909cc9665526d49d39c7f105bbd058948ab08ca,7.0
33.0,12.0,393.0,38.58377679168867,2.0,4.0,1.010001756684746,0.0,10.0,28.0,4.0,28.0,1.8598207540443508,3.181453609720888,3.1814153110670103,1.0,93.0,84.42246777429183,63.26701257075786,1.0,-0.2597236185401246,0,025eb4bb947e7b6852b4d9e07586215e3141edd3,7.0
16.0,6.0,56.0,91.81190498315594,2.0,3.0,0.9868676951336468,0.0,13.0,28.0,4.0,28.0,0.9568459015489188,3.18175967303356,3.1817771270086443,1.0,89.0,83.9517598308981,62.47909526309744,1.0,-0.2309005038106247,0,025eb4bb947e7b6852b4d9e07586215e3141edd3,7.0
16.0,6.0,45.0,94.53772437195632,2.0,3.0,0.9865594611753584,0.0,13.0,28.0,4.0,28.0,0.9187386511230072,3.181768902922499,3.181788156890532,1.0,90.0,83.97442354184855,62.45221558793506,1.0,-0.2304720462823556,0,025eb4bb947e7b6852b4d9e07586215e3141edd3,7.0
16.0,6.0,57.0,91.56717445684993,2.0,3.0,0.9869440208114064,0.0,13.0,28.0,4.0,28.0,0.9553019765742792,3.181761916385857,3.1817795477102484,1.0,89.0,84.01033878488614,62.48203014944694,1.0,-0.2309725569261815,0,025eb4bb947e7b6852b4d9e07586215e3141edd3,7.0
16.0,6.0,49.0,93.55155693347572,2.0,3.0,0.9866676079713932,0.0,13.0,28.0,4.0,28.0,0.9306589745273136,3.181766577474,3.1817852907978983,1.0,89.0,83.98845054680801,62.4615698259362,1.0,-0.2306839376269134,0,025eb4bb947e7b6852b4d9e07586215e3141edd3,7.0
16.0,6.0,57.0,91.71719253003144,2.0,3.0,0.9868869257090694,0.0,13.0,28.0,4.0,28.0,0.9559532008136706,3.181761929810975,3.181779562060092,1.0,89.0,83.99397879572167,62.47994817153892,1.0,-0.2309490472259758,0,025eb4bb947e7b6852b4d9e07586215e3141edd3,7.0
16.0,6.0,54.0,92.5533418953305,2.0,3.0,0.9868358740153712,0.0,13.0,28.0,4.0,28.0,0.9433816531699728,3.181764241834358,3.181782413802884,1.0,89.0,83.9963117799267,62.472675911445805,1.0,-0.2307606655816238,0,025eb4bb947e7b6852b4d9e07586215e3141edd3,7.0
8.0,8.0,172.0,0.0910879629629629,1.0,5.0,1.0,0.0,4.0,8.0,5.0,8.0,2.0,4.0,4.0,1.0,118.0,106.0,11.978398983481574,1.0,-0.5162436648891275,1,76f247b3ff44dd9f3ebb34acf637b19c32ee26df,7.0
2.0,2.0,104.0,0.0910879629629629,1.0,3.0,1.0,0.0,4.0,14.0,3.0,14.0,2.0,7.0,7.0,1.0,119.0,107.0,6.489199491740787,1.0,-0.3576323447937105,1,76f247b3ff44dd9f3ebb34acf637b19c32ee26df,7.0
7.0,36.0,172.0,0.0497569444444444,1.0,6.0,1.0,0.0,5.0,19.0,6.0,19.0,1.6666666666666667,6.333333333333332,6.333333333333332,1.0,122.0,110.0,21.097697138869503,1.0,-0.406297475385551,1,11a9860acfde392c933aebe36f42cf1084a1c8a7,7.0
11.0,3.0,414.0,0.0686458333333333,1.0,6.0,1.0,0.0,5.0,24.0,6.0,24.0,1.6666666666666667,8.0,8.0,1.0,124.0,112.0,4.857315058707979,1.0,-0.2096369523996758,1,11a9860acfde392c933aebe36f42cf1084a1c8a7,7.0
50.0,0.0,135.0,0.1408449074074074,1.0,3.0,1.0,0.0,4.0,22.0,3.0,22.0,1.3333333333333333,7.333333333333332,7.333333333333332,1.0,123.0,111.0,6.246538741802282,1.0,-0.435307280656574,1,11a9860acfde392c933aebe36f42cf1084a1c8a7,7.0
4.0,2.0,100.0,0.2009953703703704,1.0,2.0,1.0,0.0,6.0,22.0,2.0,22.0,0.75,2.75,2.75,1.0,133.0,121.0,3.956777659902125,1.0,-0.1407960369088905,1,c19bbb1e5521e3d39c68dd42853c02cd01bc4d4f,7.0
15.0,4.0,128.0,0.2009953703703704,1.0,3.0,1.0,0.0,9.0,39.0,3.0,39.0,1.125,4.875,4.875,1.0,134.0,122.0,2.8545946294030515,1.0,-0.3035282824559635,1,c19bbb1e5521e3d39c68dd42853c02cd01bc4d4f,7.0
38.0,26.0,424.0,0.0470601851851851,1.0,10.0,1.0,0.0,13.0,44.0,10.0,44.0,1.625,5.5,5.5,1.0,140.0,128.0,1.8588213075156803,1.0,-0.5173090785874179,1,c19bbb1e5521e3d39c68dd42853c02cd01bc4d4f,7.0
2.0,2.0,260.0,0.2009953703703704,1.0,4.0,1.0,0.0,10.0,48.0,4.0,48.0,1.25,6.0,6.0,1.0,135.0,123.0,2.350992134849029,1.0,-0.1044038894837856,1,c19bbb1e5521e3d39c68dd42853c02cd01bc4d4f,7.0
87.0,0.0,0.0,0.0,1.0,0.0,1.0,0.0,0.0,0.0,1.0,0.0,0.0,0.0,0.0,1.0,137.0,125.0,2.2697852828358536,1.0,-0.5296310641154047,1,c19bbb1e5521e3d39c68dd42853c02cd01bc4d4f,7.0
12.0,1.0,89.0,0.2009953703703704,1.0,2.0,1.0,0.0,6.0,25.0,2.0,25.0,0.75,3.125,3.125,1.0,138.0,126.0,2.011602992658853,1.0,-0.2397373420122395,1,c19bbb1e5521e3d39c68dd42853c02cd01bc4d4f,7.0
24.0,0.0,234.0,0.1287962962962963,1.0,3.0,1.0,0.0,7.0,34.0,3.0,34.0,0.875,4.25,4.25,1.0,139.0,127.0,1.894993629385624,1.0,-0.3469679314193459,1,c19bbb1e5521e3d39c68dd42853c02cd01bc4d4f,7.0
14.0,6.0,40.0,98.9744812512866,2.0,3.0,0.9903922755474688,0.0,12.0,28.0,4.0,28.0,0.8807437983833557,3.181773620395137,3.18179441574826,1.0,89.0,84.17583255690198,62.43091542445121,1.0,-0.2275960520045669,0,c19bbb1e5521e3d39c68dd42853c02cd01bc4d4f,7.0
87.0,0.0,0.0,0.0,1.0,0.0,1.0,0.0,0.0,0.0,1.0,0.0,0.0,0.0,0.0,1.0,137.0,125.0,2.2697852828358536,1.0,-0.5296310641154047,0,c19bbb1e5521e3d39c68dd42853c02cd01bc4d4f,7.0
2.0,0.0,422.0,0.0002777777777777,1.0,9.0,1.0,0.0,3.0,15.0,9.0,15.0,3.0,15.0,15.0,1.0,131.0,119.0,81.07414272474514,1.0,-0.0895215123713285,0,f90442c17cf231f6d9caebc8e1b73575d3b81fcf,7.0
36.0,26.0,314.0,0.5002314814814814,1.0,5.0,0.8997214484679665,0.0,49.0,126.0,5.0,126.0,2.7222222222222223,7.0,7.0,1.0,14.0,14.0,1.0999905101599154,1.0,-0.2416263778234456,1,008e7d31481ea0d7d11858e33e637de95380bf1c,7.0
3.0,2.0,73.0,0.5724305555555556,1.0,3.0,0.9625,1.0,44.0,96.0,3.0,96.0,2.4444444444444446,5.333333333333333,5.333333333333333,1.0,18.0,18.0,1.087374045863284,1.0,-0.0368486569854664,1,008e7d31481ea0d7d11858e33e637de95380bf1c,7.0
4.0,7.0,436.0,0.3714351851851852,1.0,11.0,0.993485342019544,1.0,63.0,125.0,11.0,125.0,3.5,6.9444444444444455,6.9444444444444455,1.0,15.0,15.0,1.0964098489802203,1.0,-0.0691047712176922,1,008e7d31481ea0d7d11858e33e637de95380bf1c,7.0
20.0,4.0,79.0,89.07045298701524,2.0,3.0,0.9932716418613512,0.0,13.0,28.0,4.0,28.0,1.0026444762899842,3.1816949429204304,3.181706488326949,1.0,89.0,83.41713958804354,62.53664271150418,1.0,-0.2337307988238664,1,008e7d31481ea0d7d11858e33e637de95380bf1c,7.0
74.0,48.0,260.0,0.3714351851851852,1.0,5.0,0.8435517970401691,0.0,35.0,112.0,5.0,112.0,1.9444444444444444,6.222222222222222,6.222222222222222,1.0,3.0,3.0,1.897419917736508,1.0,-0.3615596897126718,1,008e7d31481ea0d7d11858e33e637de95380bf1c,7.0
14.0,9.0,231.0,0.5002314814814814,1.0,4.0,0.9522184300341296,1.0,50.0,116.0,4.0,116.0,2.7777777777777777,6.4444444444444455,6.4444444444444455,1.0,16.0,16.0,1.0919741876145683,1.0,-0.1210931349372546,1,008e7d31481ea0d7d11858e33e637de95380bf1c,7.0
155.0,0.0,0.0,0.0,1.0,0.0,1.0,0.0,0.0,0.0,1.0,0.0,0.0,0.0,0.0,1.0,6.0,6.0,1.4572541465118494,1.0,-0.4081779381460507,1,008e7d31481ea0d7d11858e33e637de95380bf1c,7.0
143.0,0.0,0.0,0.0,1.0,0.0,1.0,0.0,0.0,0.0,1.0,0.0,0.0,0.0,0.0,1.0,7.0,7.0,1.4572541465118494,1.0,-0.3924701714378613,1,008e7d31481ea0d7d11858e33e637de95380bf1c,7.0
0.0,101.0,118.0,0.5724305555555556,1.0,3.0,1.0,1.0,31.0,83.0,3.0,83.0,1.7222222222222223,4.611111111111111,4.611111111111111,1.0,8.0,8.0,1.3623978658792342,1.0,-0.3256386434063191,1,008e7d31481ea0d7d11858e33e637de95380bf1c,7.0
11.0,0.0,0.0,0.0,1.0,0.0,1.0,0.0,0.0,0.0,1.0,0.0,0.0,0.0,0.0,1.0,17.0,17.0,1.0919741876145683,1.0,-0.0691047712176922,1,008e7d31481ea0d7d11858e33e637de95380bf1c,7.0
5.0,0.0,65.0,4.853587962962963,1.0,2.0,0.9285714285714286,0.0,14.0,39.0,2.0,39.0,0.7777777777777778,2.1666666666666665,2.1666666666666665,1.0,9.0,9.0,1.1313545020843403,1.0,-0.0368486569854664,1,008e7d31481ea0d7d11858e33e637de95380bf1c,7.0
12.0,0.0,62.0,0.5724305555555556,1.0,2.0,0.8378378378378378,0.0,19.0,48.0,2.0,48.0,1.0555555555555556,2.6666666666666665,2.6666666666666665,1.0,10.0,10.0,1.1221684907101044,1.0,-0.0739468983043111,1,008e7d31481ea0d7d11858e33e637de95380bf1c,7.0
13.0,0.0,100.0,0.3714351851851852,1.0,3.0,0.8859649122807017,0.0,28.0,73.0,3.0,73.0,1.5555555555555556,4.055555555555555,4.055555555555555,1.0,11.0,11.0,1.1168654100028137,1.0,-0.0786739545271281,1,008e7d31481ea0d7d11858e33e637de95380bf1c,7.0
5.0,1.0,258.0,0.3714351851851852,1.0,4.0,0.981060606060606,1.0,35.0,94.0,4.0,94.0,1.9444444444444444,5.222222222222221,5.222222222222221,1.0,12.0,12.0,1.1120035675210396,1.0,-0.0427095868194595,1,008e7d31481ea0d7d11858e33e637de95380bf1c,7.0
34.0,1.0,179.0,0.5724305555555556,1.0,2.0,0.8403755868544601,0.0,22.0,51.0,2.0,51.0,1.2222222222222223,2.833333333333333,2.833333333333333,1.0,13.0,13.0,1.1052552073308304,1.0,-0.1640042487338137,1,008e7d31481ea0d7d11858e33e637de95380bf1c,7.0
16.0,5.0,45.0,95.52259574121886,2.0,3.0,0.9871628356446334,0.0,13.0,28.0,3.0,28.0,0.9038212402725436,3.1817637887197425,3.1817832044090006,1.0,89.0,84.02114256660525,62.45164864597228,1.0,-0.2306627425956312,0,008e7d31481ea0d7d11858e33e637de95380bf1c,7.0
30.0,9.0,18.0,88.57521103128035,2.0,3.0,0.9297051680586506,0.0,6.0,28.0,3.0,28.0,0.7787166692890589,3.181768800594034,3.1817887777345075,1.0,89.0,83.22267673210663,62.46394699857719,1.0,-0.2505188172607476,0,008e7d31481ea0d7d11858e33e637de95380bf1c,7.0
18.0,7.0,46.0,90.43302447011374,2.0,4.0,0.9813347456417152,0.0,14.0,28.0,4.0,28.0,0.961208096542911,3.1817922351140417,3.1818127313033013,1.0,90.0,83.64857163610462,62.46056373440997,1.0,-0.2347107677111768,0,008e7d31481ea0d7d11858e33e637de95380bf1c,7.0
5.0,3.0,286.0,0.0978587962962962,2.0,6.0,0.8347280334728033,0.0,2.0,1.0,6.0,1.0,2.0,1.0,1.0,1.0,19.0,19.0,11.218805440567714,1.0,-0.5299345934111349,0,125c772eed1dbd94b01568a8a5d6128b64822317,7.0
15.0,0.0,143.0,0.0978587962962962,2.0,2.0,1.0,0.0,2.0,6.0,2.0,6.0,2.0,6.0,6.0,1.0,20.0,20.0,6.109402720283857,1.0,-0.4021769742055398,0,125c772eed1dbd94b01568a8a5d6128b64822317,7.0
33.0,0.0,0.0,0.0,1.0,0.0,1.0,0.0,0.0,0.0,1.0,0.0,0.0,0.0,0.0,1.0,22.0,22.0,0.0,1.0,-0.3327633391928085,1,cc4311098603d8643399c83ad4cff9be64928bab,7.0
1.0,0.0,71.0,0.5863541666666666,1.0,6.0,0.9905660377358492,1.0,18.0,70.0,6.0,70.0,1.6363636363636365,6.363636363636362,6.363636363636362,1.0,33.0,33.0,1.6634314147060634,1.0,-0.0254162424733593,1,cc4311098603d8643399c83ad4cff9be64928bab,7.0
9.0,43.0,286.0,0.1253472222222222,2.0,8.0,0.8142857142857143,0.0,28.0,90.0,8.0,90.0,2.5454545454545454,8.181818181818182,8.181818181818182,1.0,23.0,23.0,8.977839335180056,1.0,-0.4206632549875252,1,cc4311098603d8643399c83ad4cff9be64928bab,7.0
26.0,0.0,0.0,0.0,1.0,0.0,1.0,0.0,0.0,0.0,1.0,0.0,0.0,0.0,0.0,1.0,24.0,24.0,8.977839335180056,1.0,-0.2893589831168629,1,cc4311098603d8643399c83ad4cff9be64928bab,7.0
6.0,1.0,158.0,0.1255092592592592,2.0,3.0,1.0,0.0,10.0,34.0,3.0,34.0,0.9090909090909092,3.0909090909090917,3.0909090909090917,1.0,26.0,26.0,4.9863430838793015,1.0,-0.1181827415250561,1,cc4311098603d8643399c83ad4cff9be64928bab,7.0
52.0,0.0,17.0,0.2233680555555556,2.0,4.0,0.832258064516129,0.0,20.0,78.0,4.0,78.0,1.818181818181818,7.090909090909091,7.090909090909091,1.0,27.0,27.0,3.108705733043712,1.0,-0.4206632549875252,1,cc4311098603d8643399c83ad4cff9be64928bab,7.0
86.0,0.0,0.0,0.0,1.0,0.0,1.0,0.0,0.0,0.0,1.0,0.0,0.0,0.0,0.0,1.0,28.0,28.0,3.108705733043712,1.0,-0.5059829654615513,1,cc4311098603d8643399c83ad4cff9be64928bab,7.0
11.0,1.0,262.0,0.2233680555555556,2.0,5.0,0.9418181818181818,0.0,22.0,89.0,5.0,89.0,2.0,8.090909090909092,8.090909090909092,1.0,30.0,30.0,2.433501460047784,1.0,-0.1742363990157113,1,cc4311098603d8643399c83ad4cff9be64928bab,7.0
3.0,5.0,288.0,0.000162037037037,2.0,7.0,0.8295218295218295,0.0,0.0,0.0,7.0,0.0,0.0,0.0,0.0,1.0,21.0,21.0,6172.428571428572,1.0,0.0,0,451d5ddd71b806356759b8071bc33bd54d67ab62,7.0
13.0,13.0,435.0,0.2418055555555555,2.0,14.0,0.992063492063492,1.0,58.0,126.0,14.0,126.0,3.866666666666666,8.4,8.4,1.0,158.0,143.0,1.0857028076596884,1.0,-0.2323120323805641,1,4eb94303723081c77f52cb6f3c15f6682e039168,7.0
3.0,1.0,26.0,0.3589583333333333,2.0,2.0,0.8965517241379308,0.0,12.0,26.0,2.0,26.0,0.8,1.7333333333333334,1.7333333333333334,1.0,149.0,134.0,1.1627342365334594,1.0,-0.0589200527438135,1,4eb94303723081c77f52cb6f3c15f6682e039168,7.0
3.0,1.0,24.0,0.3589583333333333,2.0,2.0,0.8888888888888888,0.0,12.0,27.0,2.0,27.0,0.8,1.8,1.8,1.0,150.0,135.0,1.1537527961120473,1.0,-0.0589200527438135,1,4eb94303723081c77f52cb6f3c15f6682e039168,7.0
2.0,1.0,87.0,0.953761574074074,1.0,2.0,1.0,0.0,4.0,18.0,2.0,18.0,0.2666666666666666,1.2,1.2,1.0,151.0,136.0,1.1340894488364943,1.0,-0.046861954789269,1,4eb94303723081c77f52cb6f3c15f6682e039168,7.0
51.0,16.0,236.0,0.5823263888888889,2.0,5.0,0.9593023255813954,1.0,42.0,139.0,5.0,139.0,2.8,9.266666666666667,9.266666666666667,1.0,159.0,144.0,1.0816289510679788,1.0,-0.4023014934145193,1,4eb94303723081c77f52cb6f3c15f6682e039168,7.0
4.0,2.0,69.0,0.3589583333333333,2.0,5.0,0.8343949044585988,0.0,47.0,127.0,5.0,127.0,3.1333333333333333,8.466666666666667,8.466666666666667,1.0,153.0,138.0,1.1114650297820623,1.0,-0.0808483730978514,1,4eb94303723081c77f52cb6f3c15f6682e039168,7.0
3.0,2.0,86.0,0.3589583333333333,2.0,2.0,0.9662921348314608,1.0,12.0,29.0,2.0,29.0,0.8,1.933333333333333,1.933333333333333,1.0,154.0,139.0,1.1071767485998176,1.0,-0.0701959018215334,1,4eb94303723081c77f52cb6f3c15f6682e039168,7.0
2.0,2.0,40.0,1.0825578703703704,1.0,4.0,1.0,0.0,37.0,117.0,4.0,117.0,2.466666666666667,7.8,7.8,1.0,160.0,145.0,1.0750012369995685,1.0,-0.0589200527438135,1,4eb94303723081c77f52cb6f3c15f6682e039168,7.0
2.0,2.0,42.0,1.0825578703703704,1.0,4.0,1.0,0.0,40.0,120.0,4.0,120.0,2.6666666666666665,8.0,8.0,1.0,161.0,146.0,1.069368951292398,1.0,-0.0589200527438135,1,4eb94303723081c77f52cb6f3c15f6682e039168,7.0
78.0,90.0,272.0,0.3589583333333333,2.0,6.0,0.9546742209631728,1.0,46.0,129.0,6.0,129.0,3.066666666666667,8.6,8.6,1.0,156.0,141.0,1.0922160673689605,1.0,-0.5306307838521189,1,4eb94303723081c77f52cb6f3c15f6682e039168,7.0
30.0,13.0,212.0,0.5823263888888889,2.0,3.0,0.8600823045267489,0.0,24.0,73.0,3.0,73.0,1.6,4.866666666666666,4.866666666666666,1.0,157.0,142.0,1.087516447318441,1.0,-0.3172330896307808,1,4eb94303723081c77f52cb6f3c15f6682e039168,7.0
17.0,6.0,46.0,93.72856879350414,2.0,3.0,0.9861146894920938,0.0,13.0,28.0,4.0,28.0,0.925328027872998,3.18176871036202,3.181787762394077,1.0,90.0,83.88676437071226,62.45453768307762,1.0,-0.2310183899254337,0,4eb94303723081c77f52cb6f3c15f6682e039168,7.0
14.0,6.0,40.0,98.93122323089403,2.0,3.0,0.99037002082644,0.0,12.0,28.0,4.0,28.0,0.8801829196408609,3.181771360383747,3.181791977249351,1.0,89.0,84.15613935308362,62.43039264640928,1.0,-0.2277061816792689,0,4eb94303723081c77f52cb6f3c15f6682e039168,7.0
2.0,1.0,87.0,0.953761574074074,1.0,2.0,1.0,0.0,4.0,18.0,2.0,18.0,0.2666666666666666,1.2,1.2,1.0,151.0,136.0,1.1340894488364943,1.0,-0.046861954789269,0,4eb94303723081c77f52cb6f3c15f6682e039168,7.0
17.0,6.0,54.0,91.74418631687831,2.0,3.0,0.9863911023321068,0.0,13.0,28.0,4.0,28.0,0.9499710299199636,3.1817640492738755,3.181782019306425,1.0,89.0,83.90865260879038,62.474998006588365,1.0,-0.2313070092247018,0,4eb94303723081c77f52cb6f3c15f6682e039168,7.0
16.0,5.0,45.0,95.47933772082632,2.0,3.0,0.9871405809236048,0.0,13.0,28.0,3.0,28.0,0.903260361530049,3.1817615287083525,3.181780765910092,1.0,89.0,84.00144936278689,62.45112586793035,1.0,-0.2307728722703331,0,4eb94303723081c77f52cb6f3c15f6682e039168,7.0
17.0,6.0,50.0,92.7303537553589,2.0,3.0,0.9862829555360716,0.0,13.0,28.0,4.0,28.0,0.9380507065156573,3.1817663747223763,3.18178488539906,1.0,90.0,83.8946256038309,62.46564376858722,1.0,-0.2310951178801441,0,4eb94303723081c77f52cb6f3c15f6682e039168,7.0
10.0,12.0,435.0,0.0038888888888888,2.0,15.0,0.9921875,1.0,12.0,30.0,15.0,30.0,4.0,10.0,10.0,1.0,164.0,149.0,129.57142857142858,1.0,-0.3483819653986086,1,916ea6c8e038ee21122eaffd73dce4f40d5e2bc4,7.0
17.0,6.0,52.0,91.9966121432478,2.0,3.0,0.9863770255096124,0.0,13.0,28.0,4.0,28.0,0.9500106686639304,3.181762364703141,3.181780198780741,1.0,89.0,83.74975638533513,62.47207557575299,1.0,-0.2313443980443121,0,916ea6c8e038ee21122eaffd73dce4f40d5e2bc4,7.0
17.0,6.0,45.0,93.73626409356768,2.0,3.0,0.986176938347359,0.0,13.0,28.0,4.0,28.0,0.9238237416423252,3.181769269143584,3.181788362569998,1.0,90.0,83.78644710124516,62.45455013859176,1.0,-0.2311278318606007,0,916ea6c8e038ee21122eaffd73dce4f40d5e2bc4,7.0
16.0,6.0,45.0,93.8742345670846,2.0,3.0,0.9861799624929648,0.0,13.0,28.0,4.0,28.0,0.9252773211200688,3.18176927237756,3.1817883660174604,1.0,90.0,83.76392134023985,62.4542200081922,1.0,-0.2309691587705478,0,916ea6c8e038ee21122eaffd73dce4f40d5e2bc4,7.0
30.0,9.0,18.0,88.87635859695138,2.0,2.0,0.9299255300795212,0.0,6.0,28.0,3.0,28.0,0.7730852367898211,3.1817671976618804,3.181787045214076,1.0,89.0,83.10671129269241,62.46244196690601,1.0,-0.250457012573725,0,916ea6c8e038ee21122eaffd73dce4f40d5e2bc4,7.0
0.0,88.0,88.0,0.0038888888888888,2.0,3.0,1.0,0.0,4.0,28.0,3.0,28.0,1.3333333333333333,9.333333333333334,9.333333333333334,1.0,163.0,148.0,258.1428571428572,1.0,-0.5222407328815633,0,916ea6c8e038ee21122eaffd73dce4f40d5e2bc4,7.0
17.0,6.0,54.0,91.75188161694174,2.0,3.0,0.9864533511873718,0.0,13.0,28.0,4.0,28.0,0.9484667436892908,3.1817646080554427,3.181782619482349,1.0,89.0,83.80833533932316,62.475010462102496,1.0,-0.2314164511598689,0,916ea6c8e038ee21122eaffd73dce4f40d5e2bc4,7.0
16.0,5.0,45.0,95.48703302088975,2.0,3.0,0.98720282977887,0.0,13.0,28.0,3.0,28.0,0.901756075299376,3.1817620874899197,3.181781366086015,1.0,89.0,83.90113209331963,62.45113832344448,1.0,-0.2308823142055003,0,916ea6c8e038ee21122eaffd73dce4f40d5e2bc4,7.0
17.0,6.0,50.0,92.73804905542242,2.0,3.0,0.9863452043913368,0.0,13.0,28.0,4.0,28.0,0.936546420284984,3.1817669335039427,3.1817854855749843,1.0,90.0,83.79430833436378,62.46565622410135,1.0,-0.2312045598153112,0,916ea6c8e038ee21122eaffd73dce4f40d5e2bc4,7.0
24.0,22.0,433.0,1.5172453703703703,2.0,16.0,0.9924698795180724,1.0,57.0,177.0,16.0,177.0,6.333333333333332,19.666666666666668,19.666666666666668,1.0,170.0,154.0,1.1424109313576014,1.0,-0.2609365243280144,1,ecbeb62d56308c25a5da1d49557ab721b04dc22d,7.0
278.0,0.0,0.0,0.0,1.0,0.0,1.0,0.0,0.0,0.0,1.0,0.0,0.0,0.0,0.0,1.0,167.0,151.0,1.6574041666032595,1.0,-0.5282499761483259,1,ecbeb62d56308c25a5da1d49557ab721b04dc22d,7.0
30.0,11.0,89.0,82.44417580077796,2.0,3.0,0.9243447593176172,0.0,8.0,28.0,3.0,28.0,0.939827040688592,3.1817272738020006,3.181735265563989,1.0,90.0,83.26990828867808,62.61675876463086,1.0,-0.2582251952220573,0,ecbeb62d56308c25a5da1d49557ab721b04dc22d,7.0
29.0,10.0,59.0,85.64550192215471,2.0,3.0,0.9321763665182492,0.0,8.0,28.0,3.0,28.0,0.8884427929150767,3.1817484564742324,3.181761980414469,1.0,90.0,83.17316701828906,62.54455373171879,1.0,-0.2530625228273172,0,ecbeb62d56308c25a5da1d49557ab721b04dc22d,7.0
377.0,0.0,0.0,0.0,1.0,0.0,1.0,0.0,0.0,0.0,1.0,0.0,0.0,0.0,0.0,1.0,2.0,2.0,0.0,1.0,0.0,1,43134f54e28b6a3c0f7c61591cb513276592de08,5.0
43.0,20.0,242.0,53.5256144356989,2.0,4.0,0.9207285770204744,0.0,10.0,28.0,4.0,28.0,1.525535714129067,3.181640124137678,3.1816288636980152,1.0,91.0,82.72891042342614,62.96573990284847,1.0,-0.2996402955788545,0,43134f54e28b6a3c0f7c61591cb513276592de08,5.0
30.0,12.0,84.0,82.13602359018299,2.0,3.0,0.9276617566209284,0.0,8.0,28.0,3.0,28.0,0.976178636601396,3.1817260235117124,3.181735589588149,1.0,90.0,83.13452933905425,62.60213628257557,1.0,-0.2621425186678066,0,43134f54e28b6a3c0f7c61591cb513276592de08,5.0
29.0,9.0,288.0,79.92949687766001,3.0,4.0,0.9171142465425826,0.0,13.0,28.0,4.0,28.0,1.3020559276258838,3.181572380195211,3.1815527335441143,1.0,88.0,82.767279930765,63.01619756451069,1.0,-0.2870651817961667,0,43134f54e28b6a3c0f7c61591cb513276592de08,5.0
35.0,24.0,137.0,58.7390333534901,2.0,4.0,0.9683514156547272,0.0,13.0,28.0,4.0,28.0,1.1937945631738247,3.181746212388979,3.181752584333593,1.0,95.0,83.51589312601556,62.71366546498702,1.0,-0.3059138103948828,0,43134f54e28b6a3c0f7c61591cb513276592de08,5.0
15.0,8.0,51.0,96.13991491141267,2.0,3.0,0.9882795203033988,0.0,12.0,28.0,3.0,28.0,0.9660236118303932,3.181763500787984,3.181783331572112,1.0,89.0,83.9308096563613,62.45597060966714,1.0,-0.2369910049107886,0,43134f54e28b6a3c0f7c61591cb513276592de08,5.0
9.0,7.0,157.0,0.0219444444444444,1.0,8.0,0.953900709219858,1.0,6.0,18.0,8.0,18.0,1.5,4.5,4.5,1.0,3.0,3.0,46.56962025316456,1.0,-0.39420427519001,1,a9964ab056761481f8b59a6232fd5b94a864f32a,5.0
25.0,1.0,377.0,0.0214004629629629,1.0,2.0,1.0,0.0,0.0,0.0,2.0,0.0,0.0,0.0,0.0,1.0,6.0,6.0,1.0030868959053685,1.0,-0.4835868379452456,1,a9964ab056761481f8b59a6232fd5b94a864f32a,5.0
5.0,1.0,185.0,161.92846064814816,1.0,4.0,0.9767441860465116,1.0,5.0,30.0,4.0,30.0,1.25,7.5,7.5,1.0,4.0,4.0,1.006174729846636,1.0,-0.2210181979865387,1,a9964ab056761481f8b59a6232fd5b94a864f32a,5.0
19.0,17.0,130.0,161.9782175925926,1.0,4.0,0.8758169934640523,0.0,5.0,32.0,4.0,32.0,1.25,8.0,8.0,1.0,5.0,5.0,1.0030870998422756,1.0,-0.5238794463161149,1,a9964ab056761481f8b59a6232fd5b94a864f32a,5.0
3.0,1.0,104.0,161.8781134259259,1.0,5.0,0.975206611570248,1.0,4.0,9.0,5.0,9.0,0.8,1.8,1.8,1.0,9.0,9.0,1.0030867468025195,1.0,-0.2011565586951189,1,19499cb6a45d8f4e91d4cdb31c28007abbe2ae6e,5.0
36.0,0.0,401.0,0.0182523148148148,2.0,3.0,1.0,0.0,0.0,0.0,3.0,0.0,0.0,0.0,0.0,1.0,12.0,12.0,1.0015469534756607,1.0,-0.5281921737400795,1,19499cb6a45d8f4e91d4cdb31c28007abbe2ae6e,5.0
8.0,1.0,113.0,161.5151273148148,2.0,4.0,0.8278688524590164,0.0,10.0,26.0,4.0,26.0,2.0,5.2,5.2,1.0,10.0,10.0,1.0020598136998635,1.0,-0.3342952344462558,1,19499cb6a45d8f4e91d4cdb31c28007abbe2ae6e,5.0
2.0,1.0,260.0,160.9328009259259,2.0,7.0,0.9492957746478872,2.0,10.0,20.0,7.0,20.0,2.0,4.0,4.0,1.0,11.0,11.0,1.0015469971558708,1.0,-0.1648574470869182,1,19499cb6a45d8f4e91d4cdb31c28007abbe2ae6e,5.0
25.0,29.0,159.0,26.745,2.0,9.0,0.9558573853989814,1.0,7.0,11.0,9.0,11.0,1.75,2.75,2.75,1.0,192.0,170.0,1.0373901663862404,1.0,-0.5297935557803469,1,3033111f10e7be985786334d13ca93bfb47d3ee1,5.0
17.0,17.0,437.0,26.726747685185185,3.0,4.0,0.9626373626373628,1.0,9.0,19.0,4.0,19.0,2.25,4.75,4.75,1.0,196.0,174.0,1.0033941877677244,1.0,-0.4790380694795186,1,3033111f10e7be985786334d13ca93bfb47d3ee1,5.0
7.0,12.0,189.0,26.745,2.0,5.0,0.9774774774774776,1.0,7.0,16.0,5.0,16.0,1.75,4.0,4.0,1.0,193.0,171.0,1.0186950831931203,1.0,-0.369948842326632,1,3033111f10e7be985786334d13ca93bfb47d3ee1,5.0
13.0,0.0,229.0,187.65954861111112,2.0,4.0,0.8671875,0.0,0.0,0.0,4.0,0.0,0.0,0.0,0.0,1.0,195.0,173.0,1.0037328120530429,1.0,-0.2987468750600963,1,3033111f10e7be985786334d13ca93bfb47d3ee1,5.0
16.0,6.0,38.0,97.055448616718,2.0,3.0,0.9854446395172356,0.0,13.0,28.0,3.0,28.0,0.8824142472058873,3.181780096200969,3.181801306779297,1.0,90.0,84.1703745782643,62.43090588126028,1.0,-0.2308432539020548,0,3033111f10e7be985786334d13ca93bfb47d3ee1,5.0
30.0,0.0,353.0,0.0952199074074074,2.0,10.0,0.7775175644028103,0.0,4.0,12.0,10.0,12.0,2.0,6.0,6.0,1.0,3.0,3.0,6.251002795672785,1.0,-0.4798120045296369,1,645941098cbe219dc6f79d463068ef183d71af4e,5.0
47.0,0.0,180.0,0.0952199074074074,2.0,6.0,0.6356589147286822,1.0,4.0,18.0,6.0,18.0,2.0,9.0,9.0,1.0,2.0,2.0,11.50200559134557,1.0,-0.5295024224109183,1,645941098cbe219dc6f79d463068ef183d71af4e,5.0
60.0,0.0,0.0,0.0,1.0,0.0,1.0,0.0,0.0,0.0,1.0,0.0,0.0,0.0,0.0,1.0,4.0,4.0,6.251002795672785,1.0,-0.5216678046797117,1,645941098cbe219dc6f79d463068ef183d71af4e,5.0
16.0,0.0,337.0,143.76658564814815,2.0,9.0,0.8362720403022671,1.0,2.0,5.0,9.0,5.0,2.0,5.0,5.0,1.0,1.0,1.0,1.0066913083389732,1.0,-0.4409309257492214,0,bbc45577ba755f80b408b5580b42555c6bd680b0,5.0
46.0,29.0,163.0,5.681018518518518,2.0,5.0,0.7772511848341233,1.0,2.0,8.0,5.0,8.0,2.0,8.0,8.0,1.0,1.0,0.2299252332715512,62.89379867040845,1.0,-0.3500936074169837,0,bbc45577ba755f80b408b5580b42555c6bd680b0,5.0
138.0,94.0,227.0,21.16133101851852,3.0,7.0,0.4141414141414141,1.0,0.0,0.0,7.0,0.0,0.0,0.0,0.0,1.0,197.0,175.0,1.0472560066814742,1.0,0.0,1,c0edbc092a158ef1aca67d34abe18ce4bd56f88a,5.0
1.0,1.0,79.0,0.0053935185185185,4.0,2.0,1.0,0.0,240.0,81.0,2.0,81.0,3.870967741935484,1.3064516129032258,1.3064516129032258,1.0,182.0,180.0,1.005485193279419,1.0,-0.0328335657104977,1,f913e162a457ec67554eb65ca9d3b8a785317a37,5.0
5.0,0.0,27.0,28.05795138888889,4.0,3.0,0.8484848484848485,0.0,16.0,12.0,3.0,12.0,8.0,6.0,6.0,1.0,20.0,20.0,1.0356348026640314,1.0,-0.5192749254008756,1,2e7319c782ded1246e271d5edc6e4b954df57b2e,4.0
32.0,11.0,334.0,71.76282888936035,3.0,4.0,0.9077115383539512,0.0,13.0,28.0,4.0,28.0,1.421527451907383,3.181583470071248,3.181559429538045,1.0,89.0,83.05087983121521,63.12561908748822,1.0,-0.2947710075303815,0,2e7319c782ded1246e271d5edc6e4b954df57b2e,4.0
15.0,7.0,75.0,93.60979667234334,2.0,4.0,0.9925519947605272,0.0,11.0,28.0,4.0,28.0,1.0046160834893805,3.181703118237873,3.1817166613773664,1.0,88.0,84.3750216559022,62.51082588345051,1.0,-0.2362603716733787,0,2e7319c782ded1246e271d5edc6e4b954df57b2e,4.0
6.0,7.0,292.0,0.0296180555555555,4.0,4.0,0.9576547231270358,1.0,8.0,6.0,4.0,6.0,1.0,0.75,0.75,1.0,25.0,25.0,34.76318874560375,1.0,-0.2066205669409043,1,4cbe8f1e1f48c1e28fc7c8918065a6c89ba68d60,4.0
39.0,0.0,0.0,0.0,1.0,0.0,1.0,0.0,0.0,0.0,1.0,0.0,0.0,0.0,0.0,1.0,26.0,26.0,34.76318874560375,1.0,-0.3975108464049968,1,4cbe8f1e1f48c1e28fc7c8918065a6c89ba68d60,4.0
27.0,0.0,0.0,0.0,1.0,0.0,1.0,0.0,0.0,0.0,1.0,0.0,0.0,0.0,0.0,1.0,28.0,28.0,34.76318874560375,1.0,-0.3267246273565505,1,4cbe8f1e1f48c1e28fc7c8918065a6c89ba68d60,4.0
49.0,0.0,0.0,0.0,1.0,0.0,1.0,0.0,0.0,0.0,1.0,0.0,0.0,0.0,0.0,1.0,30.0,30.0,34.76318874560375,1.0,-0.4413932741072182,1,4cbe8f1e1f48c1e28fc7c8918065a6c89ba68d60,4.0
32.0,11.0,340.0,71.38216557922868,3.0,4.0,0.9050282307079068,0.0,13.0,28.0,4.0,28.0,1.438229673372947,3.1815792093357333,3.181554373142364,1.0,89.0,82.95559625971069,63.140106396824,1.0,-0.2974177755856405,0,4cbe8f1e1f48c1e28fc7c8918065a6c89ba68d60,4.0
17.0,8.0,50.0,94.99956914991708,2.0,3.0,0.981591948231883,0.0,13.0,28.0,3.0,28.0,0.96672618386831,3.1817669802924398,3.181786524843634,1.0,90.0,83.51465271663785,62.46120230394163,1.0,-0.2406434788820548,0,4cbe8f1e1f48c1e28fc7c8918065a6c89ba68d60,4.0
55.0,25.0,228.0,46.582232907983055,2.0,5.0,0.8269286507982776,0.0,13.0,28.0,5.0,28.0,1.395724406516495,3.1817695863368582,3.1817651853058586,1.0,93.0,84.36923379372172,62.971844299296805,1.0,-0.3205572134993124,0,4cbe8f1e1f48c1e28fc7c8918065a6c89ba68d60,4.0
7.0,1.0,286.0,28.080636574074077,4.0,3.0,0.9767441860465116,1.0,16.0,12.0,3.0,12.0,8.0,6.0,6.0,1.0,22.0,22.0,1.035611728294054,1.0,-0.5232122209664899,0,f02350d3f6a4047d3e4553cc5fbcd4dab6b3dd38,4.0
5.0,5.0,301.0,669.9650231481481,5.0,2.0,1.0,0.0,0.0,0.0,2.0,0.0,0.0,0.0,0.0,1.0,205.0,196.0,1.0007463076171508,1.0,-0.3522138890491458,1,6cb48a59a93ef356b9cd2cada696bcf617b45540,1.0
1.0,1.0,35.0,669.9650231481481,5.0,2.0,1.0,0.0,0.0,0.0,2.0,0.0,0.0,0.0,0.0,1.0,208.0,199.0,1.0002985230468602,1.0,-0.1220411799184372,1,6cb48a59a93ef356b9cd2cada696bcf617b45540,1.0
1.0,1.0,27.0,669.9650231481481,5.0,2.0,1.0,0.0,0.0,0.0,2.0,0.0,0.0,0.0,0.0,1.0,210.0,201.0,1.0002132307477574,1.0,-0.1220411799184372,1,6cb48a59a93ef356b9cd2cada696bcf617b45540,1.0
1.0,1.0,32.0,669.9650231481481,5.0,2.0,1.0,0.0,0.0,0.0,2.0,0.0,0.0,0.0,0.0,1.0,212.0,203.0,1.0001658461371443,1.0,-0.1220411799184372,1,6cb48a59a93ef356b9cd2cada696bcf617b45540,1.0
1.0,1.0,49.0,669.9650231481481,5.0,2.0,1.0,0.0,0.0,0.0,2.0,0.0,0.0,0.0,0.0,1.0,213.0,204.0,1.0001492615234302,1.0,-0.1220411799184372,1,6cb48a59a93ef356b9cd2cada696bcf617b45540,1.0
5.0,5.0,110.0,669.9650231481481,5.0,2.0,1.0,0.0,0.0,0.0,2.0,0.0,0.0,0.0,0.0,1.0,216.0,207.0,1.0001148165564848,1.0,-0.3522138890491458,1,6cb48a59a93ef356b9cd2cada696bcf617b45540,1.0
1.0,1.0,430.0,0.8724421296296296,6.0,3.0,0.9396751740139212,0.0,6.0,1.0,3.0,1.0,0.1714285714285714,0.0285714285714285,0.0285714285714285,1.0,217.0,208.0,1.0001148050563702,1.0,-0.1220411799184372,1,6cb48a59a93ef356b9cd2cada696bcf617b45540,1.0
1.0,1.0,404.0,301.8948263888889,5.0,2.0,1.0,0.0,0.0,0.0,2.0,0.0,0.0,0.0,0.0,1.0,218.0,209.0,1.000110959311752,1.0,-0.1220411799184372,1,6cb48a59a93ef356b9cd2cada696bcf617b45540,1.0
1.0,1.0,59.0,301.8948263888889,5.0,3.0,1.0,0.0,0.0,0.0,3.0,0.0,0.0,0.0,0.0,1.0,219.0,210.0,1.0001073628659425,1.0,-0.1220411799184372,1,6cb48a59a93ef356b9cd2cada696bcf617b45540,1.0
1.0,1.0,46.0,301.8948263888889,5.0,3.0,1.0,0.0,0.0,0.0,3.0,0.0,0.0,0.0,0.0,1.0,220.0,211.0,1.0001039922389436,1.0,-0.1220411799184372,1,6cb48a59a93ef356b9cd2cada696bcf617b45540,1.0
1.0,1.0,41.0,301.8948263888889,5.0,3.0,1.0,0.0,0.0,0.0,3.0,0.0,0.0,0.0,0.0,1.0,222.0,213.0,1.0001008179410904,1.0,-0.1220411799184372,1,6cb48a59a93ef356b9cd2cada696bcf617b45540,1.0
1.0,1.0,43.0,301.8948263888889,5.0,3.0,1.0,0.0,0.0,0.0,3.0,0.0,0.0,0.0,0.0,1.0,225.0,216.0,1.0000923825593904,1.0,-0.1220411799184372,1,6cb48a59a93ef356b9cd2cada696bcf617b45540,1.0
1.0,1.0,42.0,301.8948263888889,5.0,3.0,1.0,0.0,0.0,0.0,3.0,0.0,0.0,0.0,0.0,1.0,226.0,217.0,1.0000898759360068,1.0,-0.1220411799184372,1,6cb48a59a93ef356b9cd2cada696bcf617b45540,1.0
1.0,1.0,63.0,301.8948263888889,5.0,3.0,1.0,0.0,0.0,0.0,3.0,0.0,0.0,0.0,0.0,1.0,231.0,222.0,1.0000791394507291,1.0,-0.1220411799184372,1,6cb48a59a93ef356b9cd2cada696bcf617b45540,1.0
1.0,1.0,122.0,301.8948263888889,5.0,3.0,1.0,0.0,0.0,0.0,3.0,0.0,0.0,0.0,0.0,1.0,233.0,224.0,1.0000755303405475,1.0,-0.1220411799184372,1,6cb48a59a93ef356b9cd2cada696bcf617b45540,1.0
31.0,12.0,86.0,81.71427317215627,2.0,4.0,0.9247945617160188,0.0,8.0,28.0,4.0,28.0,0.9824205522279108,3.181727524351729,3.181737003693594,1.0,90.0,83.20298963875616,62.60715953627055,1.0,-0.2636354427346347,0,6cb48a59a93ef356b9cd2cada696bcf617b45540,1.0
30.0,10.0,62.0,84.22365198792603,2.0,3.0,0.9314926733611458,0.0,8.0,28.0,3.0,28.0,0.8981973456047474,3.1817531719717684,3.1817666922892105,1.0,90.0,83.18181130160825,62.55114580541587,1.0,-0.2540286281271524,0,6cb48a59a93ef356b9cd2cada696bcf617b45540,1.0
20.0,4.0,82.0,89.02226258835677,2.0,3.0,0.993512118853122,0.0,13.0,28.0,4.0,28.0,1.0058538972433932,3.181694902155861,3.181706444717427,1.0,89.0,83.39247650068037,62.54365010153802,1.0,-0.2331901452644775,0,6cb48a59a93ef356b9cd2cada696bcf617b45540,1.0
33.0,13.0,88.0,76.85720496341476,2.0,3.0,0.9226706240331564,0.0,11.0,28.0,3.0,28.0,0.9653859493597944,3.1817461467457817,3.181756084505901,1.0,92.0,84.68148760282246,62.619594551246685,1.0,-0.2736231507396161,0,6cb48a59a93ef356b9cd2cada696bcf617b45540,1.0
44.0,23.0,253.0,52.44342964784961,2.0,5.0,0.8701922681645087,0.0,18.0,28.0,5.0,28.0,1.5048593883937675,3.1817688738485423,3.1817636436323453,1.0,94.0,85.27216201976071,62.967442262963885,1.0,-0.305433156374116,0,6cb48a59a93ef356b9cd2cada696bcf617b45540,1.0
25.0,7.0,68.0,81.96137876836471,2.0,3.0,0.9561564756684158,0.0,18.0,28.0,3.0,28.0,1.0376014309783084,3.181754099086493,3.1817681432852867,1.0,88.0,82.74130541119156,62.5352902982015,1.0,-0.2501026228565879,0,6cb48a59a93ef356b9cd2cada696bcf617b45540,1.0
50.0,1.0,364.0,47.44818069456204,2.0,3.0,1.0168967678609535,0.0,10.0,28.0,3.0,28.0,1.5759186863503656,3.181446679750876,3.1814198117870127,1.0,91.0,83.10067205277171,63.2143483766469,1.0,-0.2724804097816984,0,6cb48a59a93ef356b9cd2cada696bcf617b45540,1.0
17.0,5.0,45.0,95.2777349208373,2.0,3.0,0.9871527272684284,0.0,13.0,28.0,3.0,28.0,0.9043906617728068,3.181761944398831,3.1817812125286964,1.0,90.0,84.03432632922818,62.45166937958058,1.0,-0.2311906439612507,0,6cb48a59a93ef356b9cd2cada696bcf617b45540,1.0
21.0,0.0,252.0,82.13624635646175,3.0,3.0,1.0108552135181228,0.0,9.0,28.0,3.0,28.0,1.3280888342049268,3.181402491071825,3.1813780936810927,1.0,89.0,84.06062771942935,62.92084023657957,1.0,-0.2407642053166148,0,6cb48a59a93ef356b9cd2cada696bcf617b45540,1.0
44.0,21.0,257.0,51.43975202587618,2.0,4.0,0.9148849763908566,0.0,10.0,28.0,4.0,28.0,1.5442154679358402,3.181647262451461,3.181635138758771,1.0,90.0,82.87292438395347,63.003845335871134,1.0,-0.303686763456257,0,d381105e3caca0e9b98610d863e62a6721d5c7a0,1.0
29.0,14.0,99.0,77.82291945124292,2.0,3.0,0.9444540598411238,0.0,12.0,28.0,3.0,28.0,1.044336361413761,3.181754685948353,3.181767146270307,1.0,87.0,82.83867995473538,62.6158858884106,1.0,-0.2753477518089597,0,d381105e3caca0e9b98610d863e62a6721d5c7a0,1.0
26.0,0.0,404.0,301.02238425925924,5.0,2.0,0.9395348837209302,0.0,0.0,0.0,2.0,0.0,0.0,0.0,0.0,1.0,1.0,1.0,1.0010308056630317,1.0,-0.5287712379549449,0,d381105e3caca0e9b98610d863e62a6721d5c7a0,1.0
30.0,7.0,350.0,72.72911013221116,3.0,4.0,0.9162831489025054,0.0,12.0,28.0,4.0,28.0,1.4297341567433737,3.181554331235446,3.1815280088167146,1.0,88.0,82.90316508881268,63.159202984646605,1.0,-0.2867239687878741,0,d381105e3caca0e9b98610d863e62a6721d5c7a0,1.0
37.0,0.0,0.0,0.0,1.0,0.0,1.0,0.0,0.0,0.0,1.0,0.0,0.0,0.0,0.0,1.0,2.0,2.0,1.0010308056630317,1.0,-0.4627359162120258,0,d381105e3caca0e9b98610d863e62a6721d5c7a0,1.0
15.0,8.0,59.0,95.39760724256207,2.0,3.0,0.9896107118602838,0.0,12.0,28.0,4.0,28.0,0.980090258340195,3.181744905524042,3.1817627616276645,1.0,89.0,84.0801204386451,62.47452666576688,1.0,-0.2366163055183593,0,d381105e3caca0e9b98610d863e62a6721d5c7a0,1.0
16.0,9.0,56.0,95.26975727998555,2.0,3.0,0.9868484684810792,0.0,12.0,28.0,3.0,28.0,0.9916489133097798,3.1817656618490666,3.1817856638862008,1.0,89.0,83.8863606463671,62.46638500758805,1.0,-0.2407557363292291,0,d381105e3caca0e9b98610d863e62a6721d5c7a0,1.0
15.0,8.0,49.0,96.10163097548994,2.0,3.0,0.987915674606689,0.0,12.0,28.0,3.0,28.0,0.9593752445612816,3.18177016559899,3.181790692816352,1.0,89.0,83.89779267995762,62.4523614819997,1.0,-0.237293830938249,0,d381105e3caca0e9b98610d863e62a6721d5c7a0,1.0
14.0,4.0,121.0,91.7864008829594,2.0,4.0,1.0001649964307555,0.0,10.0,28.0,4.0,28.0,1.128430487163406,3.1815918832631525,3.181593938946679,1.0,85.0,84.44818866609626,62.61771089269696,1.0,-0.2322037264135405,0,d381105e3caca0e9b98610d863e62a6721d5c7a0,1.0
14.0,8.0,54.0,95.96777209598656,2.0,3.0,0.9887184370340836,0.0,12.0,28.0,3.0,28.0,0.9718214730064216,3.181761036213421,3.1817805039059426,1.0,89.0,84.02315784556004,62.46304636162591,1.0,-0.2366785980455375,0,d381105e3caca0e9b98610d863e62a6721d5c7a0,1.0
19.0,9.0,82.0,86.72710885647277,2.0,4.0,0.9804953575715922,0.0,14.0,28.0,4.0,28.0,1.0548692230958463,3.1817555966173257,3.181771078287572,1.0,89.0,83.50905470836067,62.53862686517868,1.0,-0.2449882913924994,0,d381105e3caca0e9b98610d863e62a6721d5c7a0,1.0
